Source,Date,Text,Positive,Neutral,Negative,Compound,Tweets Ago
BBCWorld,Mon Aug 27 16:19:07 +0000 2018,Saad Lamjarred: Moroccan singer faces third rape charge https://t.co/tibNiF1jvD,0.0,0.63,0.37,-0.6908,1
BBCWorld,Mon Aug 27 16:07:47 +0000 2018,"Just when you thought it was safe to go back in the water... üê¨

https://t.co/nBkeOkDi2a",0.182,0.818,0.0,0.4404,2
BBCWorld,Mon Aug 27 15:58:09 +0000 2018,Jos Brech was identified as a suspect after the Netherlands' biggest ever DNA harvesting operation https://t.co/sR3zf8cPh0,0.0,0.864,0.136,-0.296,3
BBCWorld,Mon Aug 27 15:50:03 +0000 2018,John McCain: White House urged to lower flags for senator https://t.co/xzsNZO6awn,0.0,0.82,0.18,-0.296,4
BBCWorld,Mon Aug 27 15:42:18 +0000 2018,RT @BBCBusiness: US-Mexico reach NAFTA breakthrough https://t.co/4pMLFXJHNh,0.155,0.845,0.0,0.0258,5
BBCWorld,Mon Aug 27 14:23:54 +0000 2018,"RT @BBCSteveR: Russian opposition politician Alexei Navalny has been sentenced to 30 days behind bars: on paper, it‚Äôs for a street protest‚Ä¶",0.0,0.948,0.052,-0.0258,6
BBCWorld,Mon Aug 27 13:15:21 +0000 2018,Florida shooting: Gaming community reacts https://t.co/pY4vjZnZBe,0.0,1.0,0.0,0.0,7
BBCWorld,Mon Aug 27 13:07:11 +0000 2018,Uganda's Bobi Wine crisis: Court frees pop star MP https://t.co/rQnCMYa2GF,0.154,0.559,0.287,-0.4404,8
BBCWorld,Mon Aug 27 12:35:37 +0000 2018,Back to the (really) old school https://t.co/ZXjvclk1hX,0.0,1.0,0.0,0.0,9
BBCWorld,Mon Aug 27 12:15:51 +0000 2018,Why are some Iranians running out of hope? https://t.co/NsxYI5IKhe https://t.co/rCFXfS9u6J,0.244,0.756,0.0,0.4404,10
BBCWorld,Mon Aug 27 11:52:52 +0000 2018,"Chale Wote art festival takes over Ghana's capital, Accra https://t.co/EpNO8pijna",0.262,0.738,0.0,0.4939,11
BBCWorld,Mon Aug 27 11:47:14 +0000 2018,People in Morocco shocked over brutal rape allegations https://t.co/aem9OoaZzy,0.0,0.351,0.649,-0.9022,12
BBCWorld,Mon Aug 27 11:45:31 +0000 2018,"More than 50 years on, the Democratic Party's national convention of 1968 continues to haunt the party and cast a s‚Ä¶ https://t.co/NVAVoNFbnF",0.111,0.779,0.111,0.0,13
BBCWorld,Mon Aug 27 11:20:24 +0000 2018,Brest frisky dolphin sparks French swimming ban https://t.co/G3pQeVsqeI,0.172,0.517,0.31,-0.3818,14
BBCWorld,Mon Aug 27 11:12:12 +0000 2018,Iran urges UN court to halt US reimposed nuclear sanctions https://t.co/G3Pn1JL4b7,0.0,1.0,0.0,0.0,15
BBCWorld,Mon Aug 27 10:46:01 +0000 2018,Muslim men have been swapping clothes with non-Muslim men as part of a project to fight stereotypes‚Ä¶ https://t.co/3Pr4EnSHJ7,0.0,0.86,0.14,-0.3818,16
BBCWorld,Mon Aug 27 10:32:27 +0000 2018,"The UN report is also fiercely critical of Myanmar's de facto leader, Aung San Suu Kyi https://t.co/fiUaGph4ED",0.0,0.874,0.126,-0.3182,17
BBCWorld,Mon Aug 27 10:28:37 +0000 2018,German far-right street mob alarms police in Chemnitz https://t.co/750Z7Nppsd,0.0,0.792,0.208,-0.2732,18
BBCWorld,Mon Aug 27 10:03:52 +0000 2018,Florida shooting: Video gamers killed by rival at tournament https://t.co/SWoWDfalhR,0.0,0.667,0.333,-0.6705,19
BBCWorld,Mon Aug 27 09:50:20 +0000 2018,Thieves replace Paraguay police rifles with toy replicas https://t.co/Xcvahi2DIt,0.0,0.708,0.292,-0.5106,20
BBCWorld,Mon Aug 27 09:24:10 +0000 2018,"RT @BBCSport: ""A deafening silence of 43 minutes, one for each child, worker, student, father or mother who are no longer with us today"".‚Ä¶",0.0,0.833,0.167,-0.5267,21
BBCWorld,Mon Aug 27 09:20:59 +0000 2018,Pope 'moved and shocked' by meetings with abuse victims https://t.co/8qhy7aOnbY,0.0,0.443,0.557,-0.8316,22
BBCWorld,Mon Aug 27 09:16:34 +0000 2018,Witnesses describe the moment a gunman opened fire at a video game tournament in Florida https://t.co/6QO8xL4rxG https://t.co/641SiGPsgI,0.0,0.854,0.146,-0.34,23
BBCWorld,Mon Aug 27 08:57:39 +0000 2018,üö≤üö≤üö≤ https://t.co/vuFW9P7pcS,0.0,1.0,0.0,0.0,24
BBCWorld,Mon Aug 27 07:57:46 +0000 2018,Australia: Crocodile swamp search a 'people smuggling' case https://t.co/SbCGKio3C4,0.0,0.693,0.307,-0.4767,25
BBCWorld,Mon Aug 27 07:46:48 +0000 2018,"RT @bbcworldservice: ""I hope he doesn't come in here because, if he does, then I'm going to die"" 
A survivor of the shooting in Jacksonvill‚Ä¶",0.178,0.693,0.129,0.128,26
BBCWorld,Mon Aug 27 07:36:42 +0000 2018,"Myanmar military leaders must face genocide charges, says UN https://t.co/U28aXtAFO9",0.0,0.811,0.189,-0.2732,27
BBCWorld,Mon Aug 27 07:28:37 +0000 2018,UK wife killer to be repatriated to India https://t.co/XYOgGNrAfv,0.0,0.65,0.35,-0.6486,28
BBCWorld,Mon Aug 27 02:39:28 +0000 2018,North Korea grants humanitarian release to Japanese tourist https://t.co/PNkDSuhbAg,0.192,0.808,0.0,0.2263,29
BBCWorld,Mon Aug 27 02:24:00 +0000 2018,Pope keeps silent on abuse claim letter at end of Irish visit https://t.co/Ni1gxFxWZR,0.0,0.741,0.259,-0.6369,30
BBCWorld,Mon Aug 27 01:27:15 +0000 2018,Myanmar Reuters journalists Wa Lone and Kyaw Soe Oo await verdict https://t.co/rccFV47cQz,0.213,0.638,0.149,-0.0258,31
BBCWorld,Mon Aug 27 00:53:25 +0000 2018,Colombia anti-corruption referendum fails to meet quorum https://t.co/ClpuO5E6y7,0.0,0.714,0.286,-0.4215,32
BBCWorld,Sun Aug 26 23:14:45 +0000 2018,Sri Lanka mass grave: Dozens of skeletons found in Mannar https://t.co/dyAjh9g8Fu,0.0,0.794,0.206,-0.3818,33
BBCWorld,Sun Aug 26 18:42:55 +0000 2018,"Mass shooting in Jacksonville, Florida https://t.co/hlxQQ4IJoU",0.0,1.0,0.0,0.0,34
BBCWorld,Sun Aug 26 17:57:02 +0000 2018,When the Pope asked Ireland for forgiveness https://t.co/E1zMBHGzZp,0.231,0.769,0.0,0.2732,35
BBCWorld,Sun Aug 26 16:49:09 +0000 2018,"""He was always willing to speak truth to power"" - Tributes to John McCain

https://t.co/VoG3VTnCRu https://t.co/QehdNdHnic",0.141,0.859,0.0,0.3182,36
BBCWorld,Sun Aug 26 16:45:16 +0000 2018,RT @BBCNews: Neil Simon: Celebrated US playwright dies aged 91 https://t.co/S6Ew4Qk73Q,0.27,0.73,0.0,0.5719,37
BBCWorld,Sun Aug 26 16:14:40 +0000 2018,Papal visit: Vigils remember Church abuse victims https://t.co/5rKkCShAxz,0.0,0.48,0.52,-0.7579,38
BBCWorld,Sun Aug 26 15:49:27 +0000 2018,German town evacuated over WW2 bomb https://t.co/ALnTTHQFIC,0.0,0.652,0.348,-0.4939,39
BBCWorld,Sun Aug 26 15:26:39 +0000 2018,Can man's best friend help take down the ivory trade? üêïüêò https://t.co/83K8s0IkOA,0.529,0.471,0.0,0.8779,40
BBCWorld,Sun Aug 26 15:26:35 +0000 2018,"RT @BBCNews: Egypt hotel deaths: ""As soon as they went into the bedroom my daughter said she could smell something funny - that wasn't righ‚Ä¶",0.112,0.888,0.0,0.4404,41
BBCWorld,Sun Aug 26 15:20:21 +0000 2018,"RT @bbcworldservice: ""Entangled in a fishing net... it was as torturously sad as anything I've ever seen in my whole life."" The race to sav‚Ä¶",0.0,0.777,0.223,-0.743,42
BBCWorld,Sun Aug 26 14:44:33 +0000 2018,"RT @bbcf1: üá©üá™ Sebastian Vettel wins! 

Lewis Hamilton finishes second, meaning his lead at the top is cut from 24 points to 17.

Live #Belg‚Ä¶",0.194,0.736,0.07,0.5707,43
BBCWorld,Sun Aug 26 14:35:06 +0000 2018,Afghanistan Islamic State leader 'killed in air strike' https://t.co/SSeOPBElfN,0.0,0.538,0.462,-0.7184,44
BBCWorld,Sun Aug 26 14:07:01 +0000 2018,"RT @BBCNewsNI: ""I was disappointed there isn't going to be a more open and transparent accountability process."" Marie Collins was one of th‚Ä¶",0.0,0.871,0.129,-0.4767,45
BBCWorld,Sun Aug 26 13:46:00 +0000 2018,Australia: Illegal boat runs aground in Queensland crocodile swamp https://t.co/gM9OCV2sPG,0.0,0.714,0.286,-0.5574,46
BBCWorld,Sun Aug 26 12:37:00 +0000 2018,"These endangered birds have no sense of direction, so conservationists came up with a novel way to get them home...‚Ä¶ https://t.co/euDXjyNNHL",0.102,0.8,0.098,0.0258,47
BBCWorld,Sun Aug 26 12:04:12 +0000 2018,Iran MPs vote to remove economy minister amid financial crisis https://t.co/8awQ4Nx6rx,0.0,0.709,0.291,-0.6249,48
BBCWorld,Sun Aug 26 11:45:40 +0000 2018,Asian Games: Unified Korea boating team win historic gold https://t.co/mvFQFtOgeq,0.444,0.556,0.0,0.7506,49
BBCWorld,Sun Aug 26 11:20:32 +0000 2018,John McCain: Tributes as Vietnam veteran and six-term senator dies at 81 https://t.co/zzoGkvexyG,0.0,1.0,0.0,0.0,50
BBCWorld,Sun Aug 26 11:06:25 +0000 2018,"It's hard to imagine... but turtles didn't always have shells üê¢

https://t.co/JPw7CqVCck https://t.co/eylvFfokzN",0.0,0.902,0.098,-0.0516,51
BBCWorld,Sun Aug 26 11:01:12 +0000 2018,Five times McCain clashed with Trump https://t.co/9roNpZ3vXX,0.0,1.0,0.0,0.0,52
BBCWorld,Sun Aug 26 10:37:35 +0000 2018,Zimbabwe election: Mnangagwa sworn in as dispute continues https://t.co/YDvuVulh5n,0.0,0.748,0.252,-0.4019,53
BBCWorld,Sun Aug 26 09:51:19 +0000 2018,"Pope Francis asks for ""firm and decisive"" action to secure ""truth and justice"" for survivors of clerical abuse, dur‚Ä¶ https://t.co/04DNyxD4Cg",0.342,0.514,0.144,0.5859,54
BBCWorld,Sun Aug 26 09:33:53 +0000 2018,"Pope Francis must ""get his head around"" the struggles of those who have suffered clerical sex abuse, says one survi‚Ä¶ https://t.co/4jktBfVkYi",0.0,0.645,0.355,-0.872,55
BBCWorld,Sun Aug 26 08:03:23 +0000 2018,"US war hero, maverick, political titan - the life of John McCain",0.218,0.545,0.236,-0.0772,56
BBCWorld,Sun Aug 26 06:59:35 +0000 2018,Didi Chuxing suspends carpool service after woman killed https://t.co/4mla2ybwgV,0.0,0.64,0.36,-0.6705,57
BBCWorld,Sun Aug 26 05:20:57 +0000 2018,Papal visit: Pope Francis travels to Knock Shrine https://t.co/ydtFDWMODl,0.0,1.0,0.0,0.0,58
BBCWorld,Sun Aug 26 03:29:17 +0000 2018,Julie Bishop 'to resign as foreign minister' https://t.co/y4H5s4MHAp,0.0,0.745,0.255,-0.34,59
BBCWorld,Sun Aug 26 02:22:56 +0000 2018,Meet an ivory trafficker's 'worst nightmare' https://t.co/m28RlziSgY,0.0,0.594,0.406,-0.6249,60
BBCWorld,Sun Aug 26 01:58:13 +0000 2018,Finding a solution to Canada's Indigenous water crisis https://t.co/rcdbQTH7pp,0.185,0.484,0.331,-0.4215,61
BBCWorld,Sun Aug 26 01:55:10 +0000 2018,A Turkish headache for the West https://t.co/V6idaPH5ER,0.0,1.0,0.0,0.0,62
BBCWorld,Sun Aug 26 00:41:48 +0000 2018,The key moments in John McCain's life https://t.co/Zd0RlAAPcv,0.0,1.0,0.0,0.0,63
BBCWorld,Sun Aug 26 00:33:48 +0000 2018,Obituary: John McCain https://t.co/cUKl0efRs2,0.0,1.0,0.0,0.0,64
BBCWorld,Sun Aug 26 00:28:23 +0000 2018,US Senator John McCain dies aged 81 https://t.co/Sge1AtsTtk,0.0,1.0,0.0,0.0,65
BBCWorld,Sat Aug 25 23:40:43 +0000 2018,Colombia hopes a referendum will help root out corruption https://t.co/V3qCSVeesN,0.44,0.56,0.0,0.6705,66
BBCWorld,Sat Aug 25 23:38:16 +0000 2018,Asian Games: India's elderly bridge players aim for glory https://t.co/HuwxrXBFgD,0.28,0.72,0.0,0.5423,67
BBCWorld,Sat Aug 25 23:26:39 +0000 2018,Costa Rica march in solidarity with Nicaraguan migrants https://t.co/tfk2mO5ipl,0.216,0.784,0.0,0.296,68
BBCWorld,Sat Aug 25 20:19:45 +0000 2018,Italy migrant row: UN calls for 'urgent' end to ship stand-off https://t.co/cKIk31dwvL,0.0,1.0,0.0,0.0,69
BBCWorld,Sat Aug 25 19:48:21 +0000 2018,Turkey police fire tear gas at mothers' protest https://t.co/Q4mZmg15ae,0.0,0.614,0.386,-0.5267,70
BBCWorld,Sat Aug 25 19:09:05 +0000 2018,Papal visit: How Ireland received Pope Francis https://t.co/a3teMPn9I9,0.0,1.0,0.0,0.0,71
BBCWorld,Sat Aug 25 17:50:13 +0000 2018,"Pope Francis speaks out against the ""grave scandal"" of clerical sex abuse, during his two-day visit to Ireland‚Ä¶ https://t.co/amtEQKDV3C",0.0,0.623,0.377,-0.8658,72
BBCWorld,Sat Aug 25 17:13:34 +0000 2018,RT @BBCNews: Egypt hotel deaths: 'No toxic gas in UK couple's room' https://t.co/supuiwPMJS,0.0,0.845,0.155,-0.296,73
BBCWorld,Sat Aug 25 17:13:16 +0000 2018,"'Measles can cause blindness, brain damage or even death'

Cases of measles have hit record levels in Europe, exper‚Ä¶ https://t.co/EBGCliFCtZ",0.0,0.717,0.283,-0.7964,74
BBCWorld,Sat Aug 25 16:56:01 +0000 2018,Why Nordic countries might not be as happy as you think https://t.co/8iSAdTrkku,0.0,0.786,0.214,-0.4585,75
BBCWorld,Sat Aug 25 15:47:46 +0000 2018,"Yellowstone National Park: Boy, 10, survives grizzly bear attack https://t.co/5xz2xLw4Np",0.0,0.744,0.256,-0.4767,76
BBCWorld,Sat Aug 25 15:25:42 +0000 2018,Zimbabwe election: Opposition rejects court ruling on result https://t.co/XAlZUdNVwR,0.0,0.714,0.286,-0.4939,77
BBCWorld,Sat Aug 25 15:21:35 +0000 2018,"""The world needs a revolution of love""

Pope Francis remarks on rise of ""personal interest and selfishness"" as he s‚Ä¶ https://t.co/kOf3oTidrH",0.268,0.632,0.1,0.6705,78
BBCWorld,Sat Aug 25 13:46:27 +0000 2018,US North Korea visit: China says Trump criticism is 'irresponsible' https://t.co/4PYFIRo3h4,0.0,0.775,0.225,-0.4404,79
BBCWorld,Sat Aug 25 13:44:42 +0000 2018,RT @BBCNews: Serena Williams: French Open bans 'superhero' catsuit from next year https://t.co/OuINu577Rd,0.0,1.0,0.0,0.0,80
BBCWorld,Sat Aug 25 13:44:11 +0000 2018,RT @BBCNews: Venezuela migrant crisis: Peru tightens border controls https://t.co/lAXlUZc8a9,0.0,0.687,0.313,-0.6249,81
BBCWorld,Sat Aug 25 13:06:22 +0000 2018,YouTuber McSkillet among three dead in 'wrong way' crash https://t.co/XVoYdSEgDu,0.0,0.409,0.591,-0.8779,82
BBCWorld,Sat Aug 25 12:23:05 +0000 2018,Venezuela migrant crisis: Peru tightens border controls https://t.co/UNaSItnyNY,0.0,0.631,0.369,-0.6249,83
BBCWorld,Sat Aug 25 12:19:19 +0000 2018,"Pope Francis says he shares the pain and shame of the Catholic community at what he called the ""grave scandal"" of c‚Ä¶ https://t.co/1xTxY2tLUO",0.069,0.561,0.371,-0.8658,84
BBCWorld,Sat Aug 25 11:59:10 +0000 2018,"RT @BBCNewsNI: .@Pontifex tells dignitaries in Dublin Castle that failure of Church to deal with clerical child abuse ""remains a source of‚Ä¶",0.059,0.664,0.277,-0.7845,85
BBCWorld,Sat Aug 25 11:49:26 +0000 2018,"Irish PM Leo Varadkar asks Pope Francis to ""use his office and influence"" to bring ""justice, truth and healing"" to‚Ä¶ https://t.co/4a02EcK0E3",0.103,0.897,0.0,0.3182,86
BBCWorld,Sat Aug 25 11:37:25 +0000 2018,Follow live reporting: https://t.co/Y43EdhR4ci #PopeInIreland https://t.co/Vm8pptSlyM,0.0,1.0,0.0,0.0,87
BBCWorld,Sat Aug 25 11:32:56 +0000 2018,Abandoned tiger and lion cubs frolic with puppies at Beijing zoo https://t.co/pZe5ganjs6,0.0,0.786,0.214,-0.4588,88
BBCWorld,Sat Aug 25 11:13:10 +0000 2018,"RT @BBCSport: This man disrespected himself, his wife, the fans and me.""

Boxer Curtis Harper walked out of the ring immediately after the‚Ä¶",0.0,0.88,0.12,-0.4588,89
BBCWorld,Sat Aug 25 11:00:40 +0000 2018,"RT @BBCWorld: ""I still feel she's going to come back to me""

A mother's heartbreak after her daughter was killed in the Kerala floods https‚Ä¶",0.0,0.728,0.272,-0.8481,90
BBCWorld,Sat Aug 25 11:00:25 +0000 2018,"""I still feel she's going to come back to me""

A mother's heartbreak after her daughter was killed in the Kerala fl‚Ä¶ https://t.co/bIZNZLQPHC",0.0,0.709,0.291,-0.8481,91
BBCWorld,Sat Aug 25 10:35:50 +0000 2018,"Rohingya girls in danger: Teenage bride, missing daughter, sex worker 

Warning: upsetting content‚Ä¶ https://t.co/0MlbyEdQcx",0.0,0.474,0.526,-0.8779,92
BBCWorld,Sat Aug 25 10:20:24 +0000 2018,Rohingya refugees protest Myanmar crackdown anniversary https://t.co/qVVD3XJRQs,0.0,0.75,0.25,-0.25,93
BBCWorld,Sat Aug 25 10:17:01 +0000 2018,Prince death: Singer's family sues doctor over opioid addiction https://t.co/Nuwxv4zcsz,0.0,0.698,0.302,-0.5994,94
BBCWorld,Sat Aug 25 09:52:35 +0000 2018,"Pope Francis begins first papal visit to Ireland in nearly 40 years

Follow live reporting: https://t.co/Y43EdhzsNI‚Ä¶ https://t.co/ykRXUbIcl1",0.0,1.0,0.0,0.0,95
BBCWorld,Sat Aug 25 09:31:06 +0000 2018,"RT @BBCBreaking: Pope Francis lands in Ireland

Follow live reporting: https://t.co/ASSLPyq5B9 #PopeInIreland",0.0,1.0,0.0,0.0,96
BBCWorld,Sat Aug 25 09:14:58 +0000 2018,"How Ireland has changed since the last papal visit in 1979

Follow live reporting: https://t.co/Y43EdhR4ci‚Ä¶ https://t.co/NQrawaWfTr",0.0,1.0,0.0,0.0,97
BBCWorld,Sat Aug 25 08:55:24 +0000 2018,"Alan ""Bud"" Jackson dies after Isle of Man crash https://t.co/nIF9FCIq2R",0.0,0.769,0.231,-0.4019,98
BBCWorld,Sat Aug 25 07:55:21 +0000 2018,RT @BBCNewsNI: Pope Francis in en route to Dublin. The plane bringing @Pontifex to Ireland left Rome about an hour ago #PopeInIreland https‚Ä¶,0.0,1.0,0.0,0.0,99
BBCWorld,Sat Aug 25 07:40:02 +0000 2018,RT @BBCNews: Elon Musk will no longer take Tesla private https://t.co/Ank9PMrWxK,0.0,0.82,0.18,-0.296,100
CBSNews,Mon Aug 27 16:14:41 +0000 2018,"Philippine priest says ""death squad"" has forced him into hiding https://t.co/tqiLf3NcIZ https://t.co/ybPLyHPxoG",0.0,0.497,0.503,-0.8442,1
CBSNews,Mon Aug 27 16:01:11 +0000 2018,"Reporter: Mr. President, any thoughts on John McCain? Any thoughts on John McCain, sir? 

President Trump did not a‚Ä¶ https://t.co/XSTmIL3HWG",0.0,1.0,0.0,0.0,2
CBSNews,Mon Aug 27 16:01:08 +0000 2018,"Reporter: Mr. President, any thoughts on John McCain? Any thoughts on John McCain, sir? 

President Trump did not a‚Ä¶ https://t.co/Mi76uT9S2c",0.0,1.0,0.0,0.0,3
CBSNews,Mon Aug 27 16:00:01 +0000 2018,Honoring John McCain: The week of events celebrating the life of the late senator https://t.co/J1jH9Xg6mZ https://t.co/OeGdBxTeqN,0.333,0.667,0.0,0.7906,4
CBSNews,Mon Aug 27 15:55:56 +0000 2018,"""I really hope... that the part [of the trade deal] with Canada will be materializing in a very quick fashion,"" Mex‚Ä¶ https://t.co/RJ8PcQMVGR",0.0,1.0,0.0,0.0,5
CBSNews,Mon Aug 27 15:52:52 +0000 2018,.@POTUS: ‚ÄúI like to call this deal United States-Mexico Trade Agreement. I think it's an elegant name. I think NAFT‚Ä¶ https://t.co/aeV7xLDi5q,0.436,0.564,0.0,0.891,6
CBSNews,Mon Aug 27 15:51:15 +0000 2018,"""It's a very simple negotiation. It could end in one day and we'd take in a lot of money the following day,"" @POTUS‚Ä¶ https://t.co/axAKxRvASi",0.0,1.0,0.0,0.0,7
CBSNews,Mon Aug 27 15:49:17 +0000 2018,"""As far as Canada is concerned, we haven't started with Canada yet. We wanted to do Mexico and see if that was poss‚Ä¶ https://t.co/RK2g5CHDz5",0.0,1.0,0.0,0.0,8
CBSNews,Mon Aug 27 15:47:00 +0000 2018,"‚ÄúIt is our wish, Mr. President, that now Canada will also be able to be incorporated in all of this .. And I assume‚Ä¶ https://t.co/xwmVilg3CN",0.105,0.895,0.0,0.4019,9
CBSNews,Mon Aug 27 15:44:46 +0000 2018,Pres. Trump has conference call with Mexican President Enrique Pe√±a Nieto to congratulate him on new trade deal: ‚ÄúI‚Ä¶ https://t.co/PqycCEPDzl,0.144,0.856,0.0,0.4939,10
CBSNews,Mon Aug 27 15:44:44 +0000 2018,Fan charged after rushing stage at Beyonc√© and Jay-Z concert in Atlanta https://t.co/DZ2ZC1q0q1 https://t.co/owmOACVKdJ,0.143,0.745,0.112,0.128,11
CBSNews,Mon Aug 27 15:40:39 +0000 2018,BREAKING: President Trump makes announcement on trade deal with Mexico that will not include Canada or bear the NAF‚Ä¶ https://t.co/RS15uJ050C,0.0,1.0,0.0,0.0,12
CBSNews,Mon Aug 27 15:24:53 +0000 2018,BREAKING: President Trump has reportedly reached an agreement on a new trade deal with Mexico that will not include‚Ä¶ https://t.co/7yObjYK1cq,0.213,0.787,0.0,0.5574,13
CBSNews,Mon Aug 27 15:04:31 +0000 2018,Ostrich skin and Neo-Viagra? A shopping guide to North Korea https://t.co/CT4f582YEA https://t.co/a8ZxNUQGOg,0.0,1.0,0.0,0.0,14
CBSNews,Mon Aug 27 15:03:30 +0000 2018,SOON: President Trump to make trade announcement from Oval Office. U.S. and Mexico expected to make revised NAFTA d‚Ä¶ https://t.co/GyYiYur7Nj,0.0,1.0,0.0,0.0,15
CBSNews,Mon Aug 27 14:49:50 +0000 2018,States move to limit workplace confidentiality agreements https://t.co/NaOqh61cn6 https://t.co/DDRRdWiI3t,0.208,0.792,0.0,0.2732,16
CBSNews,Mon Aug 27 14:34:30 +0000 2018,U.S. strike allegedly kills senior ISIS commander in Afghanistan https://t.co/PniFzEwL89 https://t.co/XRw088q0gD,0.0,0.643,0.357,-0.6124,17
CBSNews,Mon Aug 27 14:19:46 +0000 2018,"""Killer robots"" to be focus of new UN-hosted talks https://t.co/arotpcPnb1 https://t.co/d0PL0EBnL1",0.0,0.699,0.301,-0.6486,18
CBSNews,Mon Aug 27 14:04:51 +0000 2018,"Archibishop's claims against Pope Francis ""like an earthquake for the Church"" https://t.co/Jljv3qmWug https://t.co/Z9OsX6cBRz",0.172,0.828,0.0,0.3612,19
CBSNews,Mon Aug 27 13:50:16 +0000 2018,"FULL STAFF: As American flags across the nation continue to remain at half staff to honor John McCain, the flag on‚Ä¶ https://t.co/OBD36MBwUz",0.132,0.868,0.0,0.4939,20
CBSNews,Mon Aug 27 13:34:51 +0000 2018,New Hampshire played a special role in John McCain's legacy https://t.co/Od6SaMdtUJ https://t.co/mtNp6iWFOD,0.362,0.638,0.0,0.6249,21
CBSNews,Mon Aug 27 13:20:00 +0000 2018,Ivanka Trump faces social media blowback for tweet on Jacksonville shooting https://t.co/3WszU9z34z https://t.co/jkdO1LrQWF,0.0,1.0,0.0,0.0,22
CBSNews,Mon Aug 27 13:04:32 +0000 2018,White House flag flies at full-staff as nation honors John McCain https://t.co/nJCqguJS6t https://t.co/AlLjigYV4B,0.216,0.784,0.0,0.5106,23
CBSNews,Mon Aug 27 12:50:30 +0000 2018,WATCH: Police confiscated dozens of pineapples that were hollowed out and filled with nearly 150 pounds of cocaine https://t.co/32MIkl9tfV,0.0,1.0,0.0,0.0,24
CBSNews,Mon Aug 27 12:29:47 +0000 2018,"Jacksonville shooting survivor describes ""most helpless feeling in the world"" https://t.co/kfwFjzivxF https://t.co/UQwZf0tjYp",0.258,0.543,0.199,-0.0038,25
CBSNews,Mon Aug 27 12:09:39 +0000 2018,McCain requested Obama and George W. Bush deliver eulogies at funeral https://t.co/7TFNJUsSic https://t.co/4CFdL4O9Ve,0.0,0.828,0.172,-0.3612,26
CBSNews,Mon Aug 27 11:49:50 +0000 2018,Study raises concerns about pot smoking by breastfeeding mothers https://t.co/4nNxxzLKqV https://t.co/8W84jOIwVj,0.0,1.0,0.0,0.0,27
CBSNews,Mon Aug 27 11:29:35 +0000 2018,Investigators call for genocide prosecutions over slaughter of Rohingyas https://t.co/CY3WWgq85S https://t.co/hyXE4O2Us8,0.0,1.0,0.0,0.0,28
CBSNews,Mon Aug 27 11:09:32 +0000 2018,"Tropical Storm Miriam could become hurricane, move near Hawaii https://t.co/NXkA3bTAB0 https://t.co/gjis50O0kB",0.0,1.0,0.0,0.0,29
CBSNews,Mon Aug 27 10:50:00 +0000 2018,"People in Vietnam are paying their respects to U.S. Sen. John McCain, who was held as prisoner of war in Vietnam an‚Ä¶ https://t.co/IIAI3zRmdV",0.077,0.673,0.249,-0.7269,30
CBSNews,Mon Aug 27 10:34:40 +0000 2018,"Eli Clayton and Taylor Robertson were playing in a ""Madden NFL 19"" event when another gamer, who reportedly had los‚Ä¶ https://t.co/qSHw553Ram",0.087,0.913,0.0,0.2023,31
CBSNews,Mon Aug 27 10:29:51 +0000 2018,Jacksonville mass shooting spurs questions on esports security https://t.co/lZLQ9Gqm2b https://t.co/ZUB5twL2m2,0.211,0.789,0.0,0.34,32
CBSNews,Mon Aug 27 10:25:18 +0000 2018,"Funeral services for Senator John McCain are planned in Phoenix, Arizona, Washington, D.C., and Annapolis, Maryland‚Ä¶ https://t.co/9cEo86ictv",0.0,0.865,0.135,-0.3612,33
CBSNews,Mon Aug 27 10:03:03 +0000 2018,Should the U.S. financial system fully embrace cryptocurrency? https://t.co/RWgdYSAiPK https://t.co/gBeHVPGZNS,0.224,0.776,0.0,0.3804,34
CBSNews,Mon Aug 27 09:48:03 +0000 2018,PETA urges Aretha Franklin's estate to donate her fur coats https://t.co/i7P2LoPXqa https://t.co/0t53TMGauJ,0.0,1.0,0.0,0.0,35
CBSNews,Mon Aug 27 09:44:05 +0000 2018,Vietnamese pay tribute to John McCain https://t.co/3qo1j3o9pm https://t.co/2HeAprusns,0.0,0.833,0.167,-0.1027,36
CBSNews,Mon Aug 27 09:33:03 +0000 2018,Greater number of African-Americans running for office in Arizona https://t.co/NVtUKNZ1ln https://t.co/5CoxR41TRX,0.297,0.703,0.0,0.4215,37
CBSNews,Mon Aug 27 09:26:06 +0000 2018,Jacksonville mass shooting spurs questions on esports security https://t.co/P7joa32byl https://t.co/EMBk8qF4Rh,0.211,0.789,0.0,0.34,38
CBSNews,Mon Aug 27 09:18:03 +0000 2018,"Pope Francis apologizes for Catholic Church's ""crimes"" in Ireland https://t.co/STJTi0FfcX https://t.co/zvSJj3WegJ",0.2,0.8,0.0,0.3612,39
CBSNews,Mon Aug 27 09:03:04 +0000 2018,A look into the lives of Robin Leach and Ed King https://t.co/PWdNqGhRpz https://t.co/6c3DQz6iaT,0.0,1.0,0.0,0.0,40
CBSNews,Mon Aug 27 08:54:05 +0000 2018,Investigators call for genocide prosecutions over slaughter of Rohingyas https://t.co/YUPHmcXb4h https://t.co/bLASsew2rK,0.0,1.0,0.0,0.0,41
CBSNews,Mon Aug 27 08:48:03 +0000 2018,Remembering 1968: Chicago's bloody Democratic Convention https://t.co/Ut4Dj8oGAX https://t.co/RsBvR7Y9qJ,0.0,0.707,0.293,-0.4404,42
CBSNews,Mon Aug 27 08:40:08 +0000 2018,Study raises concerns about pot smoking by breastfeeding mothers https://t.co/hMsLfTp5Ux https://t.co/dXT74hq7oM,0.0,1.0,0.0,0.0,43
CBSNews,Mon Aug 27 08:33:04 +0000 2018,"Random person runs on stage during Beyonce &amp; Jay-Z concert in Atlanta, Ga. https://t.co/vtPWeTcgql https://t.co/FDNOuaI7Px",0.0,1.0,0.0,0.0,44
CBSNews,Mon Aug 27 08:18:03 +0000 2018,Schumer proposes renaming Russell Senate Office Building after John McCain https://t.co/MNYRCgtbPA https://t.co/4EN9C4e8zm,0.0,1.0,0.0,0.0,45
CBSNews,Mon Aug 27 08:14:05 +0000 2018,"Tropical storm Miriam could become hurricane, move near Hawaii https://t.co/hC5JmM7onV https://t.co/42Tzto3nbN",0.0,1.0,0.0,0.0,46
CBSNews,Mon Aug 27 08:03:05 +0000 2018,American Express CEO Ken Chenault retires https://t.co/7o52KDvRa0 https://t.co/mLBVSABtI2,0.0,1.0,0.0,0.0,47
CBSNews,Mon Aug 27 07:48:02 +0000 2018,"Chicago apartment fire kills 8, including 6 children https://t.co/WzR4UM9w1B https://t.co/NLWq4wAfeE",0.0,0.543,0.457,-0.7096,48
CBSNews,Mon Aug 27 07:33:03 +0000 2018,Senator McCain's final speech on the Senate floor https://t.co/qxYmAwIoD6 https://t.co/XFAYN97Ng8,0.0,1.0,0.0,0.0,49
CBSNews,Mon Aug 27 07:18:03 +0000 2018,Couple's love story started with a CPR kiss https://t.co/WwaHi1KavW https://t.co/QW84ypBVGY,0.5,0.5,0.0,0.7906,50
CBSNews,Mon Aug 27 07:03:03 +0000 2018,Guide to hearing aids https://t.co/yBAq5e1cWF https://t.co/GR7wLMDV9l,0.0,1.0,0.0,0.0,51
CBSNews,Mon Aug 27 06:48:04 +0000 2018,Hawaii wins U.S. championship at Little League World Series https://t.co/cb7RwVLrGp https://t.co/Gj0Ws4dSAo,0.423,0.577,0.0,0.765,52
CBSNews,Mon Aug 27 06:33:03 +0000 2018,Passage: Robin Leach and Ed King https://t.co/dIsim9Zjgy https://t.co/vUKyxkXqLU,0.0,1.0,0.0,0.0,53
CBSNews,Mon Aug 27 06:18:04 +0000 2018,"Neil Simon, legendary Broadway playwright, dead at 91 https://t.co/508A5In8YJ https://t.co/KtRlWNIR3x",0.0,0.677,0.323,-0.6486,54
CBSNews,Mon Aug 27 06:03:05 +0000 2018,The Dish: Savannah's Mashama Bailey https://t.co/ngDy32O3KP https://t.co/aEVh0Yhl2d,0.0,1.0,0.0,0.0,55
CBSNews,Mon Aug 27 05:48:03 +0000 2018,Investigations plunge into personal territory that President Trump once declared off-limits https://t.co/z2lMjPUfii https://t.co/MmxYidiA4W,0.0,1.0,0.0,0.0,56
CBSNews,Mon Aug 27 05:33:03 +0000 2018,"Almanac: Don LaFontaine, the voice of movie trailers https://t.co/NYQAFObS5e https://t.co/YhjuNHnHbe",0.0,1.0,0.0,0.0,57
CBSNews,Mon Aug 27 05:18:03 +0000 2018,"Revisiting Hanoi, where John McCain was shot down and held as a POW https://t.co/1PGawfkryk https://t.co/B9EYaB6jEW",0.0,1.0,0.0,0.0,58
CBSNews,Mon Aug 27 05:03:04 +0000 2018,A portrait of America https://t.co/r2u2pmdN51 https://t.co/hQP1CZpu8P,0.0,1.0,0.0,0.0,59
CBSNews,Mon Aug 27 04:48:04 +0000 2018,Arizona Gov. Doug Ducey will name McCain's replacement after funeral https://t.co/u6TovODXIK https://t.co/NyNzB51pPd,0.0,0.815,0.185,-0.3612,60
CBSNews,Mon Aug 27 04:44:24 +0000 2018,Ken Chenault on leadership and success at American Express https://t.co/6QO6G3OfMT https://t.co/5WjyhYCBPp,0.27,0.73,0.0,0.5719,61
CBSNews,Mon Aug 27 04:32:28 +0000 2018,"WATCH: As news of the mass shooting in Jacksonville, Florida, broke Sunday, organizations, celebrities, sports team‚Ä¶ https://t.co/OcZX4uqUi9",0.0,0.851,0.149,-0.4215,62
CBSNews,Mon Aug 27 04:18:04 +0000 2018,Remembering 1968: Chicago's bloody Democratic Convention https://t.co/rpIt1j4PMO https://t.co/Z5TxZMfjhN,0.0,0.707,0.293,-0.4404,63
CBSNews,Mon Aug 27 04:03:04 +0000 2018,Schumer proposes renaming Russell Senate Office Building after John McCain https://t.co/Yoa5LwiB9c https://t.co/slCIT5LQHX,0.0,1.0,0.0,0.0,64
CBSNews,Mon Aug 27 03:48:41 +0000 2018,"It‚Äôs the hottest new form of money on the market, but it doesn‚Äôt come out of an ATM. It has to be mined. Stream the‚Ä¶ https://t.co/psbQp3VKqd",0.0,1.0,0.0,0.0,65
CBSNews,Mon Aug 27 03:48:04 +0000 2018,Reclaiming the American prairie https://t.co/TgHTymXyGz https://t.co/GOcxIHfe59,0.0,1.0,0.0,0.0,66
CBSNews,Mon Aug 27 03:33:05 +0000 2018,Art Garfunkel on finding his voice again https://t.co/7tnV2slmds https://t.co/zWwm68kic8,0.0,1.0,0.0,0.0,67
CBSNews,Mon Aug 27 03:18:03 +0000 2018,McCain requested Obama and George W. Bush deliver eulogies at funeral https://t.co/CszOJZk1uA https://t.co/fj4ODvGlu9,0.0,0.828,0.172,-0.3612,68
CBSNews,Mon Aug 27 02:44:23 +0000 2018,"Tropical Storm Lane spares Hawaii from a direct hit, but still dumps at least 4 feet of rain https://t.co/CA6JLq5ljY https://t.co/L3XBvdRUiA",0.0,0.827,0.173,-0.5499,69
CBSNews,Mon Aug 27 02:24:04 +0000 2018,"Eleven former staffers at a prominent New Hampshire prep school have been accused of fondling, forced kissing and o‚Ä¶ https://t.co/biipDRJvOs",0.229,0.573,0.198,0.2023,70
CBSNews,Mon Aug 27 01:45:28 +0000 2018,"Hawaii wins the 2018 Little League World Series championship, its first in a decade, defeating South Korea 3-0‚Ä¶ https://t.co/3b2ThS4Ge2",0.273,0.62,0.107,0.6124,71
CBSNews,Mon Aug 27 01:25:04 +0000 2018,CONGRATS (little) GRAD: A baby boy born at only 22 weeks was given a tiny cap and gown after ‚Äúgraduating‚Äù from the‚Ä¶ https://t.co/yJxUjFAiyT,0.171,0.829,0.0,0.6289,72
CBSNews,Mon Aug 27 01:05:00 +0000 2018,"Four-year-old Dylan Stich was wary about jumping off the diving board, until 95-year-old Daniel Biss, an Air Force‚Ä¶ https://t.co/tzGgcGNFGJ",0.067,0.933,0.0,0.0772,73
CBSNews,Mon Aug 27 00:44:39 +0000 2018,"Former Vatican official claims Pope Francis knew of abusive ex-cardinal, calls for his resignation‚Ä¶ https://t.co/MLsvAByT6P",0.0,0.769,0.231,-0.6369,74
CBSNews,Mon Aug 27 00:24:42 +0000 2018,"John McCain remembered: Obama, family and more pay tribute https://t.co/HuTdQPm1D4 https://t.co/FQD0YAAevt",0.0,0.855,0.145,-0.1761,75
CBSNews,Mon Aug 27 00:05:31 +0000 2018,"There‚Äôs a new gold rush going down in cities across America, but it doesn‚Äôt look at all like you‚Äôd think. Stream th‚Ä¶ https://t.co/xQ2CEYX8u4",0.134,0.866,0.0,0.5023,76
CBSNews,Sun Aug 26 23:54:31 +0000 2018,‚ÄúOne violent crime in our city is one too many. Tonight we pray for the wounded. And we pray for the families of th‚Ä¶ https://t.co/Ns5jVT96M8,0.139,0.636,0.224,-0.5859,77
CBSNews,Sun Aug 26 23:48:25 +0000 2018,"Jacksonville shooting: A 24-year-old Baltimore, Maryland, man is believed to be the shooter, according to the Jacks‚Ä¶ https://t.co/uZ8Ltmqy0H",0.0,1.0,0.0,0.0,78
CBSNews,Sun Aug 26 23:44:27 +0000 2018,"Jacksonville shooting: Authorities say 3 individuals were found dead at the scene of the shooting, including the su‚Ä¶ https://t.co/Cc0Dx8UdP1",0.0,0.798,0.202,-0.6486,79
CBSNews,Sun Aug 26 23:27:08 +0000 2018,"""All of us can aspire to the courage to put the greater good above our own,"" says Former President Obama about John‚Ä¶ https://t.co/C8ahEBfXMW",0.301,0.699,0.0,0.8225,80
CBSNews,Sun Aug 26 23:04:42 +0000 2018,"Chicago apartment fire kills 8, including 6 children https://t.co/wI4aQPlOx9 https://t.co/XSSKQuhO5o",0.0,0.543,0.457,-0.7096,81
CBSNews,Sun Aug 26 22:46:01 +0000 2018,"Jacksonville, Fla., shooting: Preliminary reports say four people were killed and at least nine wounded. It is uncl‚Ä¶ https://t.co/O54nE3Oowf",0.0,0.8,0.2,-0.6705,82
CBSNews,Sun Aug 26 22:27:10 +0000 2018,"Multiple people have been killed after a shooting at a video game tournament Sunday in Jacksonville, Florida. Here‚Ä¶ https://t.co/UyYUj6HhKM",0.0,0.78,0.22,-0.6705,83
CBSNews,Sun Aug 26 22:00:54 +0000 2018,"Pope Francis apologizes for Catholic Church's ""crimes"" in Ireland https://t.co/vJoubDEcQt https://t.co/0rcu3O7rw3",0.2,0.8,0.0,0.3612,84
CBSNews,Sun Aug 26 21:46:25 +0000 2018,"Jacksonville Sheriff Mike Williams said one suspect, a white male, was killed at The Jacksonville Landing in the ci‚Ä¶ https://t.co/LMf8JNfSH5",0.0,0.717,0.283,-0.7717,85
CBSNews,Sun Aug 26 21:40:36 +0000 2018,"""In the end, it matters less that you can fight. What you fight for is the real test."" The greatest quotes from Joh‚Ä¶ https://t.co/k2VjOsPaJA",0.174,0.656,0.17,0.0258,86
CBSNews,Sun Aug 26 21:20:35 +0000 2018,A look at the last moments @60Minutes shared with John McCain https://t.co/h5hifVVHL7 https://t.co/5spcASa25a,0.179,0.821,0.0,0.34,87
CBSNews,Sun Aug 26 20:56:40 +0000 2018,"It‚Äôs the hottest new form of money on the market, but it doesn‚Äôt come out of an ATM. It has to be mined. Stream the‚Ä¶ https://t.co/7nErC1uGy1",0.0,1.0,0.0,0.0,88
CBSNews,Sun Aug 26 20:32:20 +0000 2018,SOON: @JSOPIO to hold news conference on mass shooting at a Madden gaming tournament that left multiple people dead‚Ä¶ https://t.co/z9noLDSr8u,0.0,1.0,0.0,0.0,89
CBSNews,Sun Aug 26 19:55:52 +0000 2018,"""The President has been briefed and we are monitoring the situation in Jacksonville, FL,"" @PressSec says.‚Ä¶ https://t.co/JsY3mmxhvp",0.0,1.0,0.0,0.0,90
CBSNews,Sun Aug 26 19:51:26 +0000 2018,"""It could have been me,"" says contestant, who was on his way to Madden tournament where deadly mass shooting happen‚Ä¶ https://t.co/lQO0zzCGnv",0.0,1.0,0.0,0.0,91
CBSNews,Sun Aug 26 19:24:33 +0000 2018,Florida Gov. Rick Scott tweeted that he is offering state resources to the local sheriff's office after a mass shoo‚Ä¶ https://t.co/tOYdLzeSoz,0.0,1.0,0.0,0.0,92
CBSNews,Sun Aug 26 19:02:42 +0000 2018,BREAKING: Multiple people have been killed in a mass shooting at a mall hosting a Madden tournament in Jacksonville‚Ä¶ https://t.co/j0YwP1B7Ru,0.0,0.78,0.22,-0.6705,93
CBSNews,Sun Aug 26 18:54:11 +0000 2018,"Jacksonville police are responding to a ""mass shooting"" believed to be at a venue hosting a regional Madden tournam‚Ä¶ https://t.co/EurxmWaeJZ",0.0,1.0,0.0,0.0,94
CBSNews,Sun Aug 26 18:50:34 +0000 2018,"Senator McCain died on the same day as Sen. Ted Kennedy did, nine years apart, of the same cancer. Here's him talki‚Ä¶ https://t.co/hMxlELVZZG",0.0,0.724,0.276,-0.8402,95
CBSNews,Sun Aug 26 18:30:18 +0000 2018,"BREAKING: Police in Jacksonville, Florida, say they're responding to a mass shooting at the Jacksonville Landing ma‚Ä¶ https://t.co/RUXFBjJcFd",0.0,1.0,0.0,0.0,96
CBSNews,Sun Aug 26 18:11:01 +0000 2018,"In the six-decade history of @FaceTheNation, Sen. John McCain was the most frequent guest, with 112 total appearanc‚Ä¶ https://t.co/uaq1qvOzJC",0.0,1.0,0.0,0.0,97
CBSNews,Sun Aug 26 17:50:55 +0000 2018,Arizona Gov. Doug Ducey will name John McCain's replacement after funeral https://t.co/i7CrzP02sn https://t.co/M1DX4SF1Uu,0.0,0.828,0.172,-0.3612,98
CBSNews,Sun Aug 26 17:20:33 +0000 2018,"""With all my failings, I try to be."" In 2017, Senator John McCain talked about seeing himself as ""The Man in the Ar‚Ä¶ https://t.co/a6VGexnVI6",0.0,0.873,0.127,-0.4939,99
CBSNews,Sun Aug 26 17:00:55 +0000 2018,"Cryptocurrency: Virtual money, real power, and the fight for a small town's future https://t.co/FAscrLnH2v https://t.co/anihYX1BKK",0.0,0.833,0.167,-0.3818,100
CNN,Mon Aug 27 16:20:07 +0000 2018,The White House flag returned to its regular position even as other flags around Washington -- including at the US‚Ä¶ https://t.co/IaeYMw1I2b,0.0,1.0,0.0,0.0,1
CNN,Mon Aug 27 16:10:07 +0000 2018,"Four teens, who were attending a slumber party, were killed and four others were injured when an SUV plowed into th‚Ä¶ https://t.co/SdpKNuEyDm",0.097,0.645,0.258,-0.6705,2
CNN,Mon Aug 27 16:00:08 +0000 2018,Gaming community and friends mourn the Jacksonville shooting victims https://t.co/hFqWFlI1fj https://t.co/C79iA3M0bd,0.191,0.494,0.315,-0.25,3
CNN,Mon Aug 27 15:50:03 +0000 2018,"Facebook has banned 20 organizations and individuals in Myanmar, including a senior military commander, from using‚Ä¶ https://t.co/hRrJ3hMC5H",0.0,0.833,0.167,-0.4588,4
CNN,Mon Aug 27 15:40:06 +0000 2018,Don't try to sugarcoat the horror of Jacksonville | @lzgranderson for @CNNopinion https://t.co/7GaTAPntKx,0.0,0.748,0.252,-0.5719,5
CNN,Mon Aug 27 15:30:10 +0000 2018,Ted Kennedy's son remembers his father's friendship with John McCain https://t.co/AM1nyr2a1T https://t.co/Z7XKKTQF6l,0.209,0.791,0.0,0.4404,6
CNN,Mon Aug 27 15:20:08 +0000 2018,Investors still aren't happy with Elon Musk https://t.co/m2uvbSCmOJ https://t.co/CquB8Meuyy,0.0,0.727,0.273,-0.4585,7
CNN,Mon Aug 27 15:10:05 +0000 2018,Two of the first 16 people to receive an experimental treatment for Ebola have recovered in the current outbreak in‚Ä¶ https://t.co/AqAmHVzhAe,0.0,1.0,0.0,0.0,8
CNN,Mon Aug 27 15:00:18 +0000 2018,Former President Barack Obama praised Hawaii's Little League team after their championship victory over South Korea‚Ä¶ https://t.co/6OIOers8i9,0.289,0.711,0.0,0.7269,9
CNN,Mon Aug 27 14:50:05 +0000 2018,Kenya has introduced a new anti-poaching technique involving specially-trained sniffer dogs to crack down on illega‚Ä¶ https://t.co/tRmoh3AV6W,0.0,1.0,0.0,0.0,10
CNN,Mon Aug 27 14:40:06 +0000 2018,German government condemns right-wing rioters after protests surprise police https://t.co/T1feNGTzr3 https://t.co/9DwZzU3dNv,0.137,0.523,0.34,-0.4767,11
CNN,Mon Aug 27 14:30:09 +0000 2018,"Half a million people were expected to attend the papal Mass in Dublin's Phoenix Park on Sunday, but aerial photos‚Ä¶ https://t.co/MSHWsVAyVb",0.0,1.0,0.0,0.0,12
CNN,Mon Aug 27 14:20:04 +0000 2018,"White House aides drafted a fulsome statement for President Trump on the death of Sen. John McCain, but it was neve‚Ä¶ https://t.co/zO4Z5sE88s",0.0,0.891,0.109,-0.3506,13
CNN,Mon Aug 27 14:13:38 +0000 2018,"Marijuana chemicals, like THC, can be detected in breast milk up to six days after a breastfeeding mom uses marijua‚Ä¶ https://t.co/OoBiJ7nScK",0.116,0.884,0.0,0.3612,14
CNN,Mon Aug 27 14:00:31 +0000 2018,The United States and Mexico are on track to announce details of a new trade agreement Monday as part of ongoing di‚Ä¶ https://t.co/HWdnq95DkD,0.231,0.769,0.0,0.7184,15
CNN,Mon Aug 27 13:56:03 +0000 2018,Wanna bike instead of ride? Uber is cool with that https://t.co/WhfSOSP4HU https://t.co/68UrDhOZUf,0.19,0.81,0.0,0.3774,16
CNN,Mon Aug 27 13:49:21 +0000 2018,"The New York Stock Exchange held a moment of silence this morning for Sen. John McCain, who died on Saturday‚Ä¶ https://t.co/TEY3cSt6ZF",0.0,0.841,0.159,-0.5574,17
CNN,Mon Aug 27 13:28:58 +0000 2018,He's responsible for discovering nearly a quarter of the world's corals. Now this scientist says the struggling ree‚Ä¶ https://t.co/osws5Fth7E,0.109,0.758,0.133,-0.128,18
CNN,Mon Aug 27 13:15:54 +0000 2018,"Today's top business headlines before the opening bell on Wall Street:

- Nasdaq, S&amp;P 500 hit records

- US-Mexico‚Ä¶ https://t.co/FalXntWenG",0.096,0.904,0.0,0.2023,19
CNN,Mon Aug 27 12:58:56 +0000 2018,Warren Buffett is gearing up to invest in India's top mobile payments firm https://t.co/7p7WrEbWkT https://t.co/B6KvmOstEP,0.114,0.886,0.0,0.2023,20
CNN,Mon Aug 27 12:47:27 +0000 2018,This year's Burning Man features a 30-ton inflatable disco ball https://t.co/cPKAjkcXp1 via @CNNstyle https://t.co/4JcCxPYwWe,0.0,1.0,0.0,0.0,21
CNN,Mon Aug 27 12:33:35 +0000 2018,"Katherine Johnson, the woman who hand-crunched the numbers for America's first manned space flight, turned 100 yest‚Ä¶ https://t.co/NptjKHyLie",0.0,1.0,0.0,0.0,22
CNN,Mon Aug 27 12:20:09 +0000 2018,Runners across the US dedicate #MilesForMollie to show they're not afraid https://t.co/zE3XiSSvjd https://t.co/q3StWdCbLf,0.0,1.0,0.0,0.0,23
CNN,Mon Aug 27 12:17:48 +0000 2018,Serena Williams responds after her 'catsuit' is banned by French Open https://t.co/440HsBvhYf https://t.co/aBSM7fBJZf,0.0,0.8,0.2,-0.4588,24
CNN,Mon Aug 27 12:03:00 +0000 2018,"For Catholic parents, choosing to raise kids in a church marred by sex abuse is a 'painful thing'‚Ä¶ https://t.co/Fpj8ojsaSv",0.0,0.679,0.321,-0.7964,25
CNN,Mon Aug 27 11:48:46 +0000 2018,What I learned from covering a statesman's journey | by @DanaBashCNN https://t.co/aJd0QNq60l https://t.co/PQ7azJ7kTd,0.0,1.0,0.0,0.0,26
CNN,Mon Aug 27 11:38:05 +0000 2018,War virtually destroyed Mosul. This child still finds celebration in life. https://t.co/eWGDZ0nXdz https://t.co/azPbe0JT7F,0.0,0.608,0.392,-0.7964,27
CNN,Mon Aug 27 11:26:04 +0000 2018,A group of suspected asylum seekers are believed to be hiding in a crocodile-infested rainforest after their boat r‚Ä¶ https://t.co/USnYcrvMww,0.0,0.796,0.204,-0.4767,28
CNN,Mon Aug 27 11:18:03 +0000 2018,"RT @cnni: JUST IN: Facebook has banned 20 organizations and individuals in Myanmar and acknowledged that it was ""too slow"" to prevent the s‚Ä¶",0.042,0.843,0.115,-0.4404,29
CNN,Mon Aug 27 11:17:30 +0000 2018,RT @NewDay: Pope Francis is refusing to comment on claims he was told about sexual abuse allegations against a high-profile US cardinal yea‚Ä¶,0.0,0.743,0.257,-0.7845,30
CNN,Mon Aug 27 11:16:22 +0000 2018,"""Crazy Rich Asians"" tops box office again with crazy second weekend https://t.co/Gd0iESug09 https://t.co/2MRf3D3Ktj",0.333,0.435,0.232,0.4767,31
CNN,Mon Aug 27 11:02:04 +0000 2018,"5 things for Monday:

- Florida mass shooting
- John McCain
- Pope Francis
- Neil Simon
- Alcohol study‚Ä¶ https://t.co/xWy7snNUjO",0.0,1.0,0.0,0.0,32
CNN,Mon Aug 27 10:55:26 +0000 2018,"Marijuana chemicals, like THC, can be detected in breast milk up to six days after a breastfeeding mom uses marijua‚Ä¶ https://t.co/exUTCrh7pW",0.116,0.884,0.0,0.3612,33
CNN,Mon Aug 27 10:40:04 +0000 2018,"Florida grapples with another shooting, this time at a Jacksonville video game tournament https://t.co/NcT2LMRNa1 https://t.co/SkqBDkNcdd",0.0,1.0,0.0,0.0,34
CNN,Mon Aug 27 10:30:09 +0000 2018,"White House aides drafted a fulsome statement for President Trump on the death of Sen. John McCain, but it was neve‚Ä¶ https://t.co/QT3vvOvFHH",0.0,0.891,0.109,-0.3506,35
CNN,Mon Aug 27 10:20:08 +0000 2018,This startup wants to help travelers get online wherever they go https://t.co/VoCW3F3eaw https://t.co/Rr5KiNgvJc,0.184,0.816,0.0,0.4019,36
CNN,Mon Aug 27 10:16:22 +0000 2018,Start your Monday smart: Bidding adieu to the Queen of Soul. Hot primaries in Arizona and Florida. College football‚Ä¶ https://t.co/9UAayThjxx,0.124,0.876,0.0,0.4019,37
CNN,Mon Aug 27 10:06:04 +0000 2018,"""He went every place -- every place that no one else would go -- to stand up for America, and in that way, he was a‚Ä¶ https://t.co/azVYUzNR8P",0.0,0.922,0.078,-0.296,38
CNN,Mon Aug 27 09:54:34 +0000 2018,Is capitalism losing or is socialism gaining? Yes. | @CNNPolitics Analysis https://t.co/yqSPKRrsHX https://t.co/e1McsKaj7P,0.322,0.526,0.152,0.4404,39
CNN,Mon Aug 27 09:51:00 +0000 2018,Dive the Great Barrier Reef with the scientist who discovered nearly a quarter of the world's corals‚Ä¶ https://t.co/9AKcXy7lOP,0.199,0.728,0.073,0.5574,40
CNN,Mon Aug 27 09:44:16 +0000 2018,"""Crazy Rich Asians"" topped the box office for a second weekend https://t.co/DcvMZWMMSQ https://t.co/symBYeFVjs",0.225,0.625,0.15,0.296,41
CNN,Mon Aug 27 09:33:49 +0000 2018,Kim Jong Un's charm offensive is winning over other nations -- while Trump's on the sidelines | @sam_vinograd for‚Ä¶ https://t.co/0zX04CvSzj,0.243,0.637,0.12,0.4767,42
CNN,Mon Aug 27 09:25:00 +0000 2018,"John McCain fought and was captured during the Vietnam War. Now in Hanoi, some people are paying their respects.‚Ä¶ https://t.co/LAXAVtpkuR",0.0,0.744,0.256,-0.7351,43
CNN,Mon Aug 27 09:23:19 +0000 2018,"Delivering mass under stormy Dublin skies, Pope Francis gave an unplanned speech on abuse and asked for forgiveness‚Ä¶ https://t.co/Nj5Aqvs6GD",0.0,0.811,0.189,-0.6369,44
CNN,Mon Aug 27 09:12:55 +0000 2018,"Marijuana chemicals, like THC, can be detected in breast milk up to six days after a breastfeeding mom uses marijua‚Ä¶ https://t.co/HvjYi64mRS",0.116,0.884,0.0,0.3612,45
CNN,Mon Aug 27 09:05:01 +0000 2018,"Katherine Johnson, the woman who hand-crunched the numbers for America's first manned space flight, turned 100 yest‚Ä¶ https://t.co/3BIDArDp9m",0.0,1.0,0.0,0.0,46
CNN,Mon Aug 27 08:54:06 +0000 2018,China's biggest ride-hailing company suspended one of its services after a driver was accused of raping and killing‚Ä¶ https://t.co/bdsj6AzeTD,0.0,0.598,0.402,-0.8779,47
CNN,Mon Aug 27 08:42:06 +0000 2018,"""He is a politician like the rest of us. But the one thing I always believed about John, if I really needed him, he‚Ä¶ https://t.co/ZCpJfh1P29",0.106,0.894,0.0,0.3612,48
CNN,Mon Aug 27 08:31:44 +0000 2018,"Myanmar's military leaders should be investigated and prosecuted for genocide, crimes against humanity and war crim‚Ä¶ https://t.co/9r4JtoEm6M",0.0,0.698,0.302,-0.7579,49
CNN,Mon Aug 27 08:08:05 +0000 2018,"Another mass shooting unfolded in Florida, this time at a tournament for competitive players of the football video‚Ä¶ https://t.co/WtdUfXhZgv",0.091,0.909,0.0,0.1779,50
CNN,Mon Aug 27 07:55:15 +0000 2018,Trump went against the advice of senior aides to issue an official White House statement praising Sen. John McCain‚Ä¶ https://t.co/iV4XAQRkFi,0.156,0.844,0.0,0.5423,51
CNN,Mon Aug 27 07:38:05 +0000 2018,Serena Williams responds after her 'catsuit' is banned by French Open https://t.co/oxc7wIRDlr https://t.co/lQRIoCB7tq,0.0,0.8,0.2,-0.4588,52
CNN,Mon Aug 27 07:30:04 +0000 2018,British-Iranian woman accused of spying returns to prison in Iran https://t.co/ZjtKBP5UpV https://t.co/O8RorqDcba,0.0,0.645,0.355,-0.6705,53
CNN,Mon Aug 27 07:29:13 +0000 2018,Pope Francis speaks to thousands at Sunday Mass in Dublin amid sex abuse scandal https://t.co/Vaxo1mCfug https://t.co/NZiB9ks4x4,0.0,0.664,0.336,-0.7964,54
CNN,Mon Aug 27 07:01:51 +0000 2018,"""We've got to really stop and say to ourselves: there's something wrong... Why are young men willing to give up the‚Ä¶ https://t.co/8iDadJz0Yr",0.0,0.894,0.106,-0.3597,55
CNN,Mon Aug 27 07:00:12 +0000 2018,"""Crazy Rich Asians"" tops box office again with crazy second weekend https://t.co/bFK1pBcMKW https://t.co/eGCXswgivk",0.333,0.435,0.232,0.4767,56
CNN,Mon Aug 27 06:50:18 +0000 2018,John McCain's final message for the President | Analysis by @StCollinson https://t.co/xQJ1lOKaxp https://t.co/4633ZTt3Th,0.0,1.0,0.0,0.0,57
CNN,Mon Aug 27 06:32:05 +0000 2018,Sen. McCain will be honored this week for five days in three cities https://t.co/hkyIMLmPjN https://t.co/bvF0QV2Y18,0.213,0.787,0.0,0.5859,58
CNN,Mon Aug 27 06:30:04 +0000 2018,17 days Elon Musk will never get back https://t.co/7uNh9gm9R4 https://t.co/31XsD3zgLh,0.0,1.0,0.0,0.0,59
CNN,Mon Aug 27 06:10:04 +0000 2018,A group of suspected asylum seekers are believed to be hiding in a crocodile-infested rainforest after their boat r‚Ä¶ https://t.co/yhecLt64V7,0.0,0.796,0.204,-0.4767,60
CNN,Mon Aug 27 06:00:11 +0000 2018,War virtually destroyed Mosul. This child still finds celebration in life. https://t.co/PftwVsK4VZ https://t.co/Ma1JRpUKSo,0.0,0.608,0.392,-0.7964,61
CNN,Mon Aug 27 05:30:07 +0000 2018,"President Trump is right. His trade war with China is causing a huge problem with North Korea, writes YJ Fischer fo‚Ä¶ https://t.co/SFxd1fxwYM",0.086,0.669,0.245,-0.6486,62
CNN,Mon Aug 27 05:00:13 +0000 2018,5.9 magnitude earthquake rattles western Iran https://t.co/ICWgOpOo1f https://t.co/XM74a5pC5R,0.0,1.0,0.0,0.0,63
CNN,Mon Aug 27 04:30:07 +0000 2018,"Trump's presidency as TV series will be binge-worthy, writes Dean Obeidallah for @CNNOpinion https://t.co/uwJdrDAUlZ https://t.co/XONGCcu7Ea",0.0,1.0,0.0,0.0,64
CNN,Mon Aug 27 04:00:19 +0000 2018,"This ""hovering"" backpack claims it'll help your back, neck, knees and ankles take up to 86% less punishment‚Ä¶ https://t.co/U1ChdNpczb",0.13,0.87,0.0,0.4019,65
CNN,Mon Aug 27 03:30:08 +0000 2018,Pope Francis speaks to thousands at Sunday Mass in Dublin amid sex abuse scandal https://t.co/TGxyNgqEjh https://t.co/GSh9sMFXLx,0.0,0.664,0.336,-0.7964,66
CNN,Mon Aug 27 03:00:14 +0000 2018,Afghan President Ashraf Ghani accepted the resignation of his national security adviser but refused the resignation‚Ä¶ https://t.co/ESRtKU8onW,0.157,0.63,0.213,-0.2846,67
CNN,Mon Aug 27 02:45:04 +0000 2018,Runners across the US dedicate #MilesForMollie to show they're not afraid https://t.co/GnyxyePTrS https://t.co/V385mLlhAl,0.0,1.0,0.0,0.0,68
CNN,Mon Aug 27 02:44:04 +0000 2018,Trump went against the advice of senior aides to issue an official White House statement praising Sen. John McCain‚Ä¶ https://t.co/dGVkIBPGPW,0.156,0.844,0.0,0.5423,69
CNN,Mon Aug 27 02:30:11 +0000 2018,Zimbabwe inaugurates a President for the second time in 9 months https://t.co/qrmKBwE0Yo https://t.co/8L43x9QWTx,0.0,1.0,0.0,0.0,70
CNN,Mon Aug 27 02:15:07 +0000 2018,"A gunman killed two people and wounded 9 others at a video game tournament in Jacksonville, Florida, sheriff says.‚Ä¶ https://t.co/26HoM83OFL",0.0,0.78,0.22,-0.6705,71
CNN,Mon Aug 27 02:00:08 +0000 2018,Former Vatican official calls for Pope's resignation amid sex abuse scandal https://t.co/2OvSfAYpRA https://t.co/Vkbvqc5SE6,0.0,0.518,0.482,-0.8519,72
CNN,Mon Aug 27 01:30:05 +0000 2018,Interior Minister Matteo Salvini facing investigation as migrants in Italy finally allowed to disembark‚Ä¶ https://t.co/0xczcJjuhs,0.0,1.0,0.0,0.0,73
CNN,Mon Aug 27 01:15:00 +0000 2018,Here's what you need to know to start your week smart https://t.co/eWFgnhD3Hw https://t.co/3kuLGLmwoH,0.184,0.816,0.0,0.4019,74
CNN,Mon Aug 27 01:00:06 +0000 2018,German racing driver Sebastian Vettel wins Belgian GP after avoiding huge opening corner crash‚Ä¶ https://t.co/I34jHBgk85,0.294,0.588,0.118,0.5574,75
CNN,Mon Aug 27 00:45:03 +0000 2018,A man bolted toward Jay-Z and Beyonc√© at their Atlanta show. He didn't get far. https://t.co/J41OthD9MW https://t.co/ilFs9Xgyn9,0.0,1.0,0.0,0.0,76
CNN,Mon Aug 27 00:30:11 +0000 2018,The government just made it easier for workers to own a piece of their employer https://t.co/s8c6Duy2jM https://t.co/Q7xOvjg4ji,0.157,0.843,0.0,0.4215,77
CNN,Mon Aug 27 00:15:07 +0000 2018,"ISIS leader in Afghanistan killed in airstrike, US says https://t.co/5AlZguDLaf https://t.co/DlswsD5vSJ",0.0,0.69,0.31,-0.6705,78
CNN,Mon Aug 27 00:00:00 +0000 2018,"They pledge. Get hazed. The cycle continues.

How Greek life perpetuates an ""environment of fear""‚Ä¶ https://t.co/cZuCv4hUpt",0.0,1.0,0.0,0.0,79
CNN,Sun Aug 26 23:45:00 +0000 2018,How Arizona will fill John McCain's seat ‚Äî and who might fill it https://t.co/CrJoUrv8J7 https://t.co/6Jy9MOf1uQ,0.0,1.0,0.0,0.0,80
CNN,Sun Aug 26 23:30:01 +0000 2018,"Former White House communications director Anthony Scaramucci says President Trump ""would have a nightmare on his h‚Ä¶ https://t.co/8VwfyR19Ss",0.0,1.0,0.0,0.0,81
CNN,Sun Aug 26 23:15:00 +0000 2018,Colleagues share memorable moments with John McCain https://t.co/jMOM5HB3EL https://t.co/cbbnYDOoNm,0.216,0.784,0.0,0.296,82
CNN,Sun Aug 26 23:00:00 +0000 2018,New Mexico compound suspects allegedly planned to attack Atlanta's Grady Hospital https://t.co/tKzpxZwIm5 https://t.co/ygB9BLWHQt,0.0,0.667,0.333,-0.6705,83
CNN,Sun Aug 26 22:45:00 +0000 2018,Pope's visit fails to soothe Irish fury over abuse https://t.co/aDXzVA53FG https://t.co/i4Q1z5RI1d,0.124,0.347,0.53,-0.8481,84
CNN,Sun Aug 26 22:30:00 +0000 2018,Chicago fire kills 8 people ‚Äî including 6 kids ‚Äî in a home with no smoke detector https://t.co/SOJCkY9x2G https://t.co/4Nq2wxqsdR,0.0,0.576,0.424,-0.7964,85
CNN,Sun Aug 26 22:15:00 +0000 2018,"North Korean leader Kim Jong Un's charm offensive wins over other nations while President Trump stews, writes Saman‚Ä¶ https://t.co/wUKX1tx8Dt",0.252,0.63,0.118,0.5267,86
CNN,Sun Aug 26 22:00:01 +0000 2018,Is capitalism losing or socialism gaining? Yes. https://t.co/TZoFDkTQ0P | Analysis by Gregory Krieg https://t.co/pFMEk6BTsm,0.304,0.552,0.144,0.4404,87
CNN,Sun Aug 26 21:45:00 +0000 2018,"Hillary Clinton lauds John McCain as ""a patriot regardless of party"" https://t.co/bDCzknBs5e https://t.co/TTmIX7p3eQ",0.184,0.816,0.0,0.4019,88
CNN,Sun Aug 26 21:30:01 +0000 2018,Fasten your seat belts for a wild fall on Wall Street https://t.co/oB6a1Yvc2U https://t.co/JqCJn1TFJU,0.0,1.0,0.0,0.0,89
CNN,Sun Aug 26 21:15:35 +0000 2018,"Stargazers, get ready because Sunday night is the last time to see a full moon this summer https://t.co/qbyIKoQ2PX https://t.co/K5Sw41HQzw",0.128,0.872,0.0,0.3612,90
CNN,Sun Aug 26 21:00:01 +0000 2018,Hawaii faces heavy rains as Tropical Storm Lane remains weak https://t.co/N2vVA2rfXD https://t.co/iOZi62adma,0.0,0.791,0.209,-0.4404,91
CNN,Sun Aug 26 20:50:13 +0000 2018,"Authorities have cleared the scene of a shooting at a video game tournament in Jacksonville, Florida. Police say th‚Ä¶ https://t.co/rpE33FE2Q6",0.076,0.924,0.0,0.1027,92
CNN,Sun Aug 26 20:45:04 +0000 2018,This Ferrari GTO is the most valuable car ever auctioned. It sold for $48 million. https://t.co/Bh1AQeyG1V https://t.co/LyCptE66uE,0.175,0.825,0.0,0.5256,93
CNN,Sun Aug 26 20:30:07 +0000 2018,New Mexico compound family struggled with life off the grid https://t.co/nmyKVhueEj https://t.co/lxZfZzb5tU,0.0,0.821,0.179,-0.34,94
CNN,Sun Aug 26 20:15:03 +0000 2018,"Katherine Johnson, who hand-crunched the numbers for America's first manned space flight, is 100 today‚Ä¶ https://t.co/CXCa6hNXqr",0.0,1.0,0.0,0.0,95
CNN,Sun Aug 26 20:00:05 +0000 2018,How John McCain's running mate remembers him https://t.co/8UZKbUtIZ3 https://t.co/UgldRDOllO,0.0,1.0,0.0,0.0,96
CNN,Sun Aug 26 19:53:06 +0000 2018,John McCain will lie in state in Arizona on Wednesday https://t.co/czmayQzGhG https://t.co/8qtpAPrZCv,0.0,1.0,0.0,0.0,97
CNN,Sun Aug 26 19:46:02 +0000 2018,"""I am mourning, America is mourning."" Democratic Sen. Chuck Schumer reflects on the death of his colleague and frie‚Ä¶ https://t.co/EVWraHl1kb",0.0,0.726,0.274,-0.7783,98
CNN,Sun Aug 26 19:39:05 +0000 2018,"What we know about the shooting at a video game tournament in Jacksonville:
‚ñ† Multiple fatalities ‚Äî including one s‚Ä¶ https://t.co/ACjkIr26xc",0.0,0.813,0.187,-0.5994,99
CNN,Sun Aug 26 19:32:56 +0000 2018,"""Everybody was crying, yelling"": Florida video game tournament shooting witness describes how he crawled into the b‚Ä¶ https://t.co/bLbTDQsVA6",0.0,0.846,0.154,-0.4767,100
FoxNews,Mon Aug 27 16:09:57 +0000 2018,"JUST IN: Trump says he's 'terminating' NAFTA, announces new trade agreement with Mexico https://t.co/h6YrLwwKuD",0.198,0.802,0.0,0.4939,1
FoxNews,Mon Aug 27 16:01:33 +0000 2018,.@POTUS: ‚ÄúThis is one of the largest trade deals ever made.‚Äù https://t.co/7Kg50vqiVk https://t.co/foIQdk7GU3,0.0,1.0,0.0,0.0,2
FoxNews,Mon Aug 27 16:00:36 +0000 2018,.@POTUS: ‚ÄúOne of the things that I‚Äôm excited about is you‚Äôre going to be helping us at the border.‚Äù‚Ä¶ https://t.co/b564AwqO2l,0.204,0.796,0.0,0.5574,3
FoxNews,Mon Aug 27 16:00:02 +0000 2018,".@POTUS: ‚ÄúOur economy is up, it‚Äôs never been this good before and I think it‚Äôs only going to get better.‚Äù‚Ä¶ https://t.co/B34k7iJRto",0.151,0.849,0.0,0.5228,4
FoxNews,Mon Aug 27 15:57:42 +0000 2018,.@POTUS: ‚ÄúIt‚Äôs an incredible deal. It‚Äôs an incredible deal for both parties. Most importantly it‚Äôs an incredible de‚Ä¶ https://t.co/8ZMmJyU8iS,0.237,0.763,0.0,0.6478,5
FoxNews,Mon Aug 27 15:56:54 +0000 2018,".@POTUS: ‚ÄúIt‚Äôs an incredible deal for both parties. Most importantly, it's an incredible deal for the workers and f‚Ä¶ https://t.co/jo0l61IKzo",0.227,0.773,0.0,0.6478,6
FoxNews,Mon Aug 27 15:54:07 +0000 2018,".@POTUS: ‚ÄúAs far as Canada is concerned, we haven‚Äôt started with Canada yet.‚Äù https://t.co/7Kg50vqiVk https://t.co/bKEg2O3joC",0.0,1.0,0.0,0.0,7
FoxNews,Mon Aug 27 15:52:33 +0000 2018,".@POTUS: ‚ÄúThis is something that‚Äôs very special for our manufacturers and for our farmers from both countries, for‚Ä¶ https://t.co/wu55js4ILm",0.143,0.857,0.0,0.4576,8
FoxNews,Mon Aug 27 15:48:54 +0000 2018,.@POTUS announces trade agreement between US and Mexico that could overhaul NAFTA https://t.co/h6YrLwwKuD,0.211,0.789,0.0,0.4939,9
FoxNews,Mon Aug 27 15:47:33 +0000 2018,.@POTUS makes announcement on trade https://t.co/c3ZOxl5l5J,0.0,1.0,0.0,0.0,10
FoxNews,Mon Aug 27 15:40:29 +0000 2018,".@POTUS: ‚ÄúIt‚Äôs a big day for trade, big day for our country.‚Äù https://t.co/NrLjq4J9nk",0.0,1.0,0.0,0.0,11
FoxNews,Mon Aug 27 15:25:00 +0000 2018,".@AlanDersh: 'Greatest Risk' to Trump Is From NY Prosecutors, Not Mueller Probe https://t.co/coxCSa0iku",0.243,0.636,0.121,0.4767,12
FoxNews,Mon Aug 27 15:18:00 +0000 2018,"Iran's Strait of Hormuz control stokes tensions, could prompt US response https://t.co/MiaUNZqs7f",0.0,0.803,0.197,-0.4019,13
FoxNews,Mon Aug 27 15:12:42 +0000 2018,RT @FoxBusiness: US stocks extend record-setting run  https://t.co/TkGNeuh3tv https://t.co/m3i332HhXS,0.175,0.825,0.0,0.1779,14
FoxNews,Mon Aug 27 15:12:00 +0000 2018,"Thieves steal Paraguay police rifles, replace them with toy replicas https://t.co/hgJ2lh3Eyb",0.0,0.581,0.419,-0.7579,15
FoxNews,Mon Aug 27 15:10:00 +0000 2018,"Veterans, Arizonans pay their respects to Senator McCain with memorial outside of his office https://t.co/jBcZZOBFIs",0.138,0.778,0.084,0.2263,16
FoxNews,Mon Aug 27 15:00:02 +0000 2018,Gen. Jack Keane: ‚ÄúIt‚Äôs sad for America‚Ä¶We‚Äôre going to miss him tremendously on the American stage and on the world‚Ä¶ https://t.co/rBhW0uJ46N,0.0,0.802,0.198,-0.5719,17
FoxNews,Mon Aug 27 14:59:43 +0000 2018,Bruce Ohr to testify before Congress in closed session https://t.co/U1ylEyntKg,0.0,1.0,0.0,0.0,18
FoxNews,Mon Aug 27 14:50:00 +0000 2018,Florida restaurant no longer allows 'Monkey Mondays' after animal bit 8-year-old boy https://t.co/zClpUmmtJD,0.0,0.845,0.155,-0.296,19
FoxNews,Mon Aug 27 14:47:00 +0000 2018,.@SenatorTimScott: ‚ÄúIt was an amazing experience to work right next to a true American hero.‚Äù @AmericaNewsroom‚Ä¶ https://t.co/l2Q2BrSpYv,0.32,0.68,0.0,0.765,20
FoxNews,Mon Aug 27 14:42:00 +0000 2018,Remembering Senator McCain: Several memorial events planned https://t.co/U1iLSevbS4 https://t.co/SQrHFSGtY3,0.0,1.0,0.0,0.0,21
FoxNews,Mon Aug 27 14:40:00 +0000 2018,11a ET: @POTUS trade announcement https://t.co/oJcRAZep5n https://t.co/HxrVpg2PWv,0.0,1.0,0.0,0.0,22
FoxNews,Mon Aug 27 14:35:00 +0000 2018,Jacksonville mass shooting: Chilling Twitch livestream records horrific attack https://t.co/Dis3zpSotQ,0.0,0.449,0.551,-0.8225,23
FoxNews,Mon Aug 27 14:30:00 +0000 2018,"US, Mexico reach tentative new NAFTA deal, sources say https://t.co/oJcRAZep5n @AmericaNewsroom https://t.co/UVusPBw8rf",0.091,0.909,0.0,0.0258,24
FoxNews,Mon Aug 27 14:25:01 +0000 2018,.@newtgingrich: ‚ÄúI‚Äôve never seen anybody who had a greater capacity for taking on anybody or anything than John McC‚Ä¶ https://t.co/zGiJ8FCJtl,0.122,0.878,0.0,0.3612,25
FoxNews,Mon Aug 27 14:15:00 +0000 2018,CT School Board Chairman Resigns After Vote to Recite Pledge of Allegiance https://t.co/s7s9oGwPkZ,0.0,0.839,0.161,-0.3182,26
FoxNews,Mon Aug 27 14:05:00 +0000 2018,.@ktumulty on @AmericaNewsroom: ‚ÄúCertainly there‚Äôs a lot of legislation particularly in foreign policy that bears h‚Ä¶ https://t.co/fBVkmNZWgy,0.0,1.0,0.0,0.0,27
FoxNews,Mon Aug 27 13:55:28 +0000 2018,"JUST IN: US, Mexico reach tentative new NAFTA deal, sources say https://t.co/h6YrLwwKuD",0.091,0.909,0.0,0.0258,28
FoxNews,Mon Aug 27 13:55:00 +0000 2018,".@AlanDersh on @foxandfriends: ‚ÄúIf I were Trump‚Äôs lawyers, I‚Äôd be focusing all of my defense efforts on the Souther‚Ä¶ https://t.co/H9rTEYUt29",0.077,0.923,0.0,0.128,29
FoxNews,Mon Aug 27 13:46:49 +0000 2018,RT @FoxBusiness: #StockAlert: S&amp;P 500 hits all-time high https://t.co/7HsecVIUgh,0.0,1.0,0.0,0.0,30
FoxNews,Mon Aug 27 13:45:00 +0000 2018,"'Modern Family' actor Jackson Odell died of accidental drug overdose at sober living facility, coroner says https://t.co/d7bNdOXliB",0.0,0.754,0.246,-0.5994,31
FoxNews,Mon Aug 27 13:38:19 +0000 2018,RT @FoxBusiness: WATCH: The @NYSE holds a moment of silence to honor Senator John McCain. https://t.co/FRiOlFzjth,0.186,0.814,0.0,0.4939,32
FoxNews,Mon Aug 27 13:35:00 +0000 2018,Remembering Senator John McCain https://t.co/U1iLSevbS4 https://t.co/OEQw7cJ8Mf,0.0,1.0,0.0,0.0,33
FoxNews,Mon Aug 27 13:30:00 +0000 2018,'We Cannot Stand for It': @charliekirk11 Accuses Tech Giants of Silencing Conservative Voices https://t.co/v2b3H9S4W8,0.0,0.755,0.245,-0.4404,34
FoxNews,Mon Aug 27 13:15:00 +0000 2018,Florida authorities consider possibility of super snake emerging in Everglades https://t.co/YCUjUSJKua,0.281,0.719,0.0,0.5994,35
FoxNews,Mon Aug 27 13:00:02 +0000 2018,.@AGPamBondi: ‚ÄúParents need to be really careful in general on all of these games because predators can find you ba‚Ä¶ https://t.co/Z4R2UVco3A,0.086,0.914,0.0,0.2247,36
FoxNews,Mon Aug 27 12:50:00 +0000 2018,Remembering Senator John McCain @foxandfriends https://t.co/U1iLSevbS4 https://t.co/XgQAigpxOX,0.0,1.0,0.0,0.0,37
FoxNews,Mon Aug 27 12:43:31 +0000 2018,Trump decided against White House statement praising McCain https://t.co/42emzP377D,0.304,0.696,0.0,0.5423,38
FoxNews,Mon Aug 27 12:40:00 +0000 2018,"Kate Mara, who has deep roots in NFL, supports players who kneel during national anthem https://t.co/uDv0BrbQLf",0.143,0.857,0.0,0.3612,39
FoxNews,Mon Aug 27 12:25:58 +0000 2018,"RT @FoxBusiness: .@Tesla will remain a public company, @elonmusk says  https://t.co/3yCdECBd8v https://t.co/m1kwEPRJKq",0.0,1.0,0.0,0.0,40
FoxNews,Mon Aug 27 12:25:00 +0000 2018,.@JaniceDean gives an update on the weather on @foxandfriends https://t.co/MVW83vIUwj,0.0,1.0,0.0,0.0,41
FoxNews,Mon Aug 27 12:15:00 +0000 2018,OPINION: Michael Goodwin: Here's how Trump can survive the fierce attack against his presidency https://t.co/ZLie38Fog6,0.0,0.819,0.181,-0.4767,42
FoxNews,Mon Aug 27 12:05:00 +0000 2018,.@charliekirk11: ‚ÄúIt‚Äôs the best economy to be a recent college graduate.‚Äù @foxandfriends https://t.co/9nVVPasOTw,0.276,0.724,0.0,0.6369,43
FoxNews,Mon Aug 27 11:55:00 +0000 2018,.@GOPLeader on @foxandfriends: ‚ÄúThis president has proven results.‚Äù https://t.co/L7gheXlo1w,0.0,1.0,0.0,0.0,44
FoxNews,Mon Aug 27 11:45:00 +0000 2018,.@GOPLeader on @foxandfriends: ‚ÄúIt‚Äôs going to be results versus resistance.‚Äù https://t.co/NHFm6e3zMG https://t.co/cCnkejocjJ,0.0,1.0,0.0,0.0,45
FoxNews,Mon Aug 27 11:35:00 +0000 2018,OPINION: College dropouts in US surpass those heading back to school -- it's time we fix that https://t.co/q0PR4ZsjrI,0.0,1.0,0.0,0.0,46
FoxNews,Mon Aug 27 11:20:00 +0000 2018,"No level of alcohol consumption is healthy, scientists say https://t.co/BRzhfUckyA",0.209,0.62,0.171,0.128,47
FoxNews,Mon Aug 27 11:17:27 +0000 2018,Key primaries in Arizona and Florida tomorrow https://t.co/NHFm6e3zMG @foxandfriends https://t.co/5QMKNWSy6o,0.0,1.0,0.0,0.0,48
FoxNews,Mon Aug 27 11:15:33 +0000 2018,Iran says it has control of Gulf and Strait of Hormuz: report https://t.co/mwVwiDfNf7 @foxandfriends https://t.co/CxE4yjd0BV,0.0,1.0,0.0,0.0,49
FoxNews,Mon Aug 27 11:11:07 +0000 2018,"Photo of the Day: Riders take part in a local competition for Iceland horses as a rainbow appears near Frankfurt, G‚Ä¶ https://t.co/FoKbiZWtI4",0.0,1.0,0.0,0.0,50
FoxNews,Mon Aug 27 11:05:00 +0000 2018,Rare 1962 Ferrari 250 GTO sold for world-record $48.4 million https://t.co/8KwAbU90Bl,0.0,1.0,0.0,0.0,51
FoxNews,Mon Aug 27 10:51:41 +0000 2018,".@dbongino on @foxandfriends: ‚ÄúIf we lose these midterms, the Republican Party, it‚Äôs going to get really ugly over‚Ä¶ https://t.co/CKW55drkAm",0.108,0.64,0.252,-0.5563,52
FoxNews,Mon Aug 27 10:40:26 +0000 2018,.@DNC votes to limit power of superdelegates https://t.co/g72vujIP4S @foxandfriends https://t.co/vXWyfAE68j,0.0,1.0,0.0,0.0,53
FoxNews,Mon Aug 27 10:11:17 +0000 2018,"Stormy Daniels defends Melania Trump, says 'people should stop speaking for her' https://t.co/xCxuiMlrV1",0.0,0.845,0.155,-0.296,54
FoxNews,Mon Aug 27 10:10:16 +0000 2018,.@SchmittNYC is live with the ‚ÄòFox News Update‚Äô on Facebook Watch: https://t.co/hNrB8xzepH https://t.co/YpZJDQW15V,0.0,1.0,0.0,0.0,55
FoxNews,Mon Aug 27 09:59:27 +0000 2018,"'Paws of War' brings joy, in form of puppy, to family of airman killed in Iraq https://t.co/Q8KpojwXbD",0.145,0.534,0.321,-0.6808,56
FoxNews,Mon Aug 27 09:58:07 +0000 2018,North Korea accuses US of 'hatching a criminal plot to unleash war' while trying to continue dialogue https://t.co/C5UT6rlKxF,0.0,0.591,0.409,-0.8658,57
FoxNews,Mon Aug 27 09:41:00 +0000 2018,".@FordOConnell: ‚ÄúWith the passing of John McCain, America lost a true public servant, a patriot and a good man.‚Äù https://t.co/hK6yOqpMQB",0.259,0.636,0.105,0.5267,58
FoxNews,Mon Aug 27 09:37:57 +0000 2018,"US, Mexico could reach agreement on trade ‚Äòvery soon‚Äô https://t.co/Op3D5xDLgU https://t.co/e9tqYasbom",0.323,0.677,0.0,0.5106,59
FoxNews,Mon Aug 27 09:33:19 +0000 2018,"Leader of ISIS affiliate in Afghanistan killed in US drone strike, officials say https://t.co/ItJKZaUuTG",0.0,0.667,0.333,-0.7184,60
FoxNews,Mon Aug 27 09:32:16 +0000 2018,Hurricane Harvey Recovery Efforts Continue; @JaniceDean reports https://t.co/D3HSBLtUzI,0.0,1.0,0.0,0.0,61
FoxNews,Mon Aug 27 09:24:00 +0000 2018,Tiger Woods says 'you have to respect the office' of president after questions about his relationship with Trump https://t.co/f8NLo5wqRR,0.147,0.853,0.0,0.4767,62
FoxNews,Mon Aug 27 09:22:48 +0000 2018,.@newtgingrich: Why John McCain was such an inspiration to me https://t.co/Emm987jvmL,0.254,0.746,0.0,0.5267,63
FoxNews,Mon Aug 27 09:10:00 +0000 2018,'This Is a Little Scary': Texas AG Says Dems' Call to Decriminalize Illegal Entry Could 'Cost Lives' https://t.co/fOEYrccC4m,0.0,0.816,0.184,-0.5574,64
FoxNews,Mon Aug 27 09:03:27 +0000 2018,"""I found him to be a very good mentor.""

Oliver McGee, former strategist for McCain-Palin 2008 campaign, reacts to‚Ä¶ https://t.co/TCJV9hIdi1",0.151,0.849,0.0,0.4927,65
FoxNews,Mon Aug 27 08:49:53 +0000 2018,Federal judge to rule on 3-D printed guns today https://t.co/nuQdXm84gL,0.0,1.0,0.0,0.0,66
FoxNews,Mon Aug 27 08:46:34 +0000 2018,"Two linked to 'extremist Muslim' New Mexico compound wanted to attack hospital, prosecutors say‚Ä¶ https://t.co/1GRWN3nlPq",0.0,0.819,0.181,-0.4767,67
FoxNews,Mon Aug 27 08:41:44 +0000 2018,"Republican strategist Noelle Nikpour: ""Donald Trump, you're witnessing right now, has a Teflon brand.""‚Ä¶ https://t.co/lJNgHQQ7Iv",0.0,1.0,0.0,0.0,68
FoxNews,Mon Aug 27 08:36:17 +0000 2018,"Dr. Rebecca Grant: ""Kim Jong Un has a unique opportunity to reach out for some economic development.""‚Ä¶ https://t.co/FeOjYBXuL7",0.314,0.686,0.0,0.6597,69
FoxNews,Mon Aug 27 08:30:39 +0000 2018,Florida authorities consider possibility of super snake emerging in Everglades https://t.co/Yr2A9Fvtp5,0.281,0.719,0.0,0.5994,70
FoxNews,Mon Aug 27 08:29:23 +0000 2018,"Remembering @SenJohnMcCain: McCain services set for Phoenix, Washington and Annapolis https://t.co/AU6EO26zgm https://t.co/FBvRFiAskW",0.0,1.0,0.0,0.0,71
FoxNews,Mon Aug 27 08:23:02 +0000 2018,Mollie Tibbetts' father tells community to 'turn the page' at funeral Mass https://t.co/1z1UNLgZcC https://t.co/fN2YNFdVQ4,0.0,0.839,0.161,-0.3612,72
FoxNews,Mon Aug 27 08:17:08 +0000 2018,Israel to reopen border along Gaza strip https://t.co/EyxrsXSJ45,0.0,1.0,0.0,0.0,73
FoxNews,Mon Aug 27 08:12:55 +0000 2018,FBI swarms family home of Jacksonville Landing gunman David Katz https://t.co/IfCWLIW952 https://t.co/9PwycKNHis,0.0,1.0,0.0,0.0,74
FoxNews,Mon Aug 27 08:00:00 +0000 2018,".@GOPLeader: ""The world is a safer place. Iran will not have a nuclear weapon today. North Korea is sitting down."" https://t.co/A0WaL3YJXL",0.216,0.784,0.0,0.5702,75
FoxNews,Mon Aug 27 07:53:00 +0000 2018,"Former President Jimmy Carter waves to the crowd as he takes the stage with his wife, former first lady Rosalynn Ca‚Ä¶ https://t.co/PayXOOqjnl",0.0,1.0,0.0,0.0,76
FoxNews,Mon Aug 27 07:45:00 +0000 2018,".@DarrellIssa: ""Jeff Sessions needs to step up to the plate."" https://t.co/3HvRZKAnPQ",0.0,1.0,0.0,0.0,77
FoxNews,Mon Aug 27 07:38:00 +0000 2018,"Army pilot dies, brother injured in Massachusetts single-engine plane crash https://t.co/l2a4km71zf",0.0,0.625,0.375,-0.6597,78
FoxNews,Mon Aug 27 07:30:00 +0000 2018,".@GreggJarrett: ""At the outset, Jeff Sessions betrayed the President."" https://t.co/7UQilzW68j",0.0,0.692,0.308,-0.6124,79
FoxNews,Mon Aug 27 07:23:00 +0000 2018,Jacksonville mass shooting sparks calls for tighter eSports security https://t.co/T2FP6NztEl,0.211,0.789,0.0,0.34,80
FoxNews,Mon Aug 27 07:15:00 +0000 2018,".@WilliamJBennett on John McCain: ""This is a great man. A man worth imitating."" #MediaBuzz https://t.co/2EvKWBkltA",0.353,0.647,0.0,0.7184,81
FoxNews,Mon Aug 27 07:07:00 +0000 2018,Mollie Tibbetts' father tells community to 'turn the page' at funeral Mass https://t.co/1z1UNLgZcC,0.0,0.828,0.172,-0.3612,82
FoxNews,Mon Aug 27 07:00:00 +0000 2018,".@dbongino: ""It is time to fire Rosenstein. I think Sessions, after the midterms, it may be time to move on as well‚Ä¶ https://t.co/rDkM7FBQPp",0.0,0.897,0.103,-0.34,83
FoxNews,Mon Aug 27 06:53:00 +0000 2018,Paid 'fur-ternity leave' for new pet owners offered by Minnesota company https://t.co/NSTkCZm1aN,0.0,0.902,0.098,-0.0516,84
FoxNews,Mon Aug 27 06:45:00 +0000 2018,".@KatiePavlich: ""I wrote a letter to @BillClinton when I was six years old about taxes and how it was unfair that h‚Ä¶ https://t.co/wC9oMEnY0F",0.0,0.866,0.134,-0.4767,85
FoxNews,Mon Aug 27 06:38:00 +0000 2018,"Flags flying at half-staff in honor of Sen. John McCain, frame the U.S. Capitol at daybreak on Sunday in Washington‚Ä¶ https://t.co/osSObOrglg",0.138,0.862,0.0,0.4939,86
FoxNews,Mon Aug 27 06:30:00 +0000 2018,"Sen. John McCain: ""My accomplishments are more a testament to my country, the land of opportunity, than they are to‚Ä¶ https://t.co/akRNC7XrBo",0.128,0.872,0.0,0.4215,87
FoxNews,Mon Aug 27 06:23:00 +0000 2018,"Clinton, Obama among Democrats paying tribute to McCain's commitment to bipartisanship https://t.co/8jXgUMnw0W",0.191,0.809,0.0,0.3818,88
FoxNews,Mon Aug 27 06:15:00 +0000 2018,".@Scaramucci: ""[John McCain's] life, which will be remembered forever in America... he will be somebody that we loo‚Ä¶ https://t.co/ONzzkZ6asM",0.0,1.0,0.0,0.0,89
FoxNews,Mon Aug 27 06:07:00 +0000 2018,".@TigerWoods shot down questions on Sunday about his relationship with President @realDonaldTrump, urging people to‚Ä¶ https://t.co/XODhCy8Vd4",0.0,1.0,0.0,0.0,90
FoxNews,Mon Aug 27 06:00:00 +0000 2018,".@KatiePavlich: ""America has always prevailed. It is the greatest country the world has ever known. I always have f‚Ä¶ https://t.co/Hs4IMeIGQP",0.189,0.811,0.0,0.6369,91
FoxNews,Mon Aug 27 05:53:00 +0000 2018,Texas IHOP waitress's kind deed for man with Down syndrome goes viral https://t.co/LmbVNQr0iM,0.221,0.779,0.0,0.5267,92
FoxNews,Mon Aug 27 05:45:00 +0000 2018,"Sen. John McCain: ""What greater cause could we hope to serve than helping keep America the strong, aspiring, inspir‚Ä¶ https://t.co/T2m8imd2JF",0.405,0.595,0.0,0.872,93
FoxNews,Mon Aug 27 05:38:00 +0000 2018,Hawaii's team celebrates together after their 3-0 win over South Korea in the Little League World Series Championsh‚Ä¶ https://t.co/ieZAae1oYm,0.306,0.694,0.0,0.8176,94
FoxNews,Mon Aug 27 05:30:00 +0000 2018,".@RealCandaceO: ""Liberalism to me means bondage and conservatism means freedom. The freedom to choose, the freedom‚Ä¶ https://t.co/WB71R9lEKw",0.359,0.641,0.0,0.8555,95
FoxNews,Mon Aug 27 05:23:00 +0000 2018,.@FBI swarms family home of Jacksonville Landing gunman David Katz https://t.co/IfCWLIW952,0.0,1.0,0.0,0.0,96
FoxNews,Mon Aug 27 05:15:00 +0000 2018,".@WillieNelson: ""I enjoy the audience, I enjoy the fans. You know, I like the attention‚Äî who wouldn't?"" #OBJECTified https://t.co/JRKfg8hYGB",0.389,0.611,0.0,0.836,97
FoxNews,Mon Aug 27 05:07:00 +0000 2018,"A makeshift memorial filled with flowers, candles and pictures is set up outside of @SenJohnMcCain‚Äôs office in Phoe‚Ä¶ https://t.co/aj1dpZLaOK",0.0,1.0,0.0,0.0,98
FoxNews,Mon Aug 27 05:00:00 +0000 2018,".@KatiePavlich: ""Conservatism to me is limited government, liberty and sticking to the Constitution and realizing t‚Ä¶ https://t.co/zUZIOU7WV9",0.167,0.739,0.094,0.3612,99
FoxNews,Mon Aug 27 04:53:00 +0000 2018,MS-13 member in Virginia pleads guilty to murder for hacking man to death with machete https://t.co/ieV4aXxBtU,0.0,0.533,0.467,-0.9081,100
nytimes,Mon Aug 27 16:15:06 +0000 2018,Underrepresented students are less likely to take the SATS more than once. But research shows that encouraging stud‚Ä¶ https://t.co/ge4ohSeGss,0.159,0.841,0.0,0.5267,1
nytimes,Mon Aug 27 16:00:04 +0000 2018,A doctor in Hong Kong has been accused of killing his wife and daughter with a yoga ball filled with carbon monoxide https://t.co/f2Cy2S5iOJ,0.0,0.742,0.258,-0.765,2
nytimes,Mon Aug 27 15:45:08 +0000 2018,The White House inexplicably flew the American flag at full-staff on Monday after lowering it on Sunday in honor of‚Ä¶ https://t.co/uiKx5SLj0k,0.132,0.785,0.083,0.296,3
nytimes,Mon Aug 27 15:29:05 +0000 2018,"In Opinion

Author Matt Welch writes, ""If we‚Äôve learned anything about the nature of government over the span of Jo‚Ä¶ https://t.co/9EeP8GeolQ",0.0,1.0,0.0,0.0,4
nytimes,Mon Aug 27 15:15:06 +0000 2018,The 96-year-old French painter and author Fran√ßoise Gilot ‚Äî famously known as the former lover and muse to Pablo Pi‚Ä¶ https://t.co/FW1sxyXXyf,0.167,0.833,0.0,0.5859,5
nytimes,Mon Aug 27 15:00:17 +0000 2018,"RT @amandahess: hello, here are three new episodes of INTERNETTING! https://t.co/hEphkdiNUY https://t.co/AhNAI7Ecre",0.0,1.0,0.0,0.0,6
nytimes,Mon Aug 27 14:45:09 +0000 2018,"""It‚Äôs going to be decades in Arizona before we see another political figure with the international stature of John‚Ä¶ https://t.co/PY7GKmml3a",0.0,1.0,0.0,0.0,7
nytimes,Mon Aug 27 14:38:33 +0000 2018,Can the president be impeached with the currently know facts from the Michael Cohen and Paul Manafort cases? And do‚Ä¶ https://t.co/aAjThR480W,0.0,1.0,0.0,0.0,8
nytimes,Mon Aug 27 14:30:17 +0000 2018,The 2018 U.S. Open begins today. Follow along with day one's matches here: https://t.co/Vd3wqTrmLI,0.0,1.0,0.0,0.0,9
nytimes,Mon Aug 27 14:15:06 +0000 2018,"Kalashnikov, the rifle company, introduced a concept electric car that it said would compete with Tesla. But Russia‚Ä¶ https://t.co/bpHNEOF3n6",0.0,1.0,0.0,0.0,10
nytimes,Mon Aug 27 14:00:09 +0000 2018,The New York Times obituary for Neil Simon https://t.co/3lB3ah3pC3,0.0,1.0,0.0,0.0,11
nytimes,Mon Aug 27 13:45:05 +0000 2018,"RT @MarkLandler: As flag over the WH hangs at full staff, ‚Å¶@juliehdavis‚Å© on how Trump‚Äôs refusal to honor John McCain shows he is ‚Äúunwilling‚Ä¶",0.122,0.878,0.0,0.4939,12
nytimes,Mon Aug 27 13:39:11 +0000 2018,Breaking News: The U.S. and Mexico reached a preliminary agreement to revise key portions of Nafta. The trade deal‚Ä¶ https://t.co/iSq1zb2fER,0.213,0.787,0.0,0.5574,13
nytimes,Mon Aug 27 13:30:10 +0000 2018,Joe Arpaio got a presidential pardon and parlayed it into a Senate campaign in Arizona. But the sheriff may be ente‚Ä¶ https://t.co/Rujiv0DrSk,0.108,0.892,0.0,0.3182,14
nytimes,Mon Aug 27 13:15:08 +0000 2018,"Here‚Äôs everything that we now know ‚Äî and don‚Äôt ‚Äî about President Trump‚Äôs $130,000 deal with Stormy Daniels https://t.co/IS5D5OduBs",0.0,1.0,0.0,0.0,15
nytimes,Mon Aug 27 13:00:16 +0000 2018,John McCain was proud of his reputation as a maverick in American politics. Here's a look at the senator's complex‚Ä¶ https://t.co/CfHZWzOCWY,0.147,0.853,0.0,0.4767,16
nytimes,Mon Aug 27 12:45:09 +0000 2018,Morning Briefing: Here's what you need to know to start your Monday https://t.co/uVR4Rm8d5e,0.0,1.0,0.0,0.0,17
nytimes,Mon Aug 27 12:30:11 +0000 2018,"An old-fashioned, non-digital paper planner. Scissors. A great pen. Choose the right kind of each one, and life is‚Ä¶ https://t.co/0E6hs6CaGa",0.186,0.814,0.0,0.6249,18
nytimes,Mon Aug 27 12:15:12 +0000 2018,"As President Trump faces his own legal troubles, he has taken to using a vocabulary that sounds uncannily like that‚Ä¶ https://t.co/X4Ffm8M8oS",0.167,0.708,0.125,0.0,19
nytimes,Mon Aug 27 12:02:37 +0000 2018,RT @NYTSports: 20-year-old Naomi Osaka is one of the most intriguing young stars in sports today: an athlete who grew up in one place (the‚Ä¶,0.0,1.0,0.0,0.0,20
nytimes,Mon Aug 27 11:45:11 +0000 2018,Black men have the lowest life expectancy of any ethnic group in the United States. Researchers believe it may be b‚Ä¶ https://t.co/Y90gdLdpZM,0.11,0.787,0.102,0.0516,21
nytimes,Mon Aug 27 11:27:49 +0000 2018,Your saliva might help you learn to eat your greens https://t.co/5mkDuPzDcV,0.213,0.787,0.0,0.4019,22
nytimes,Mon Aug 27 11:10:27 +0000 2018,"This farro with salmon, cucumber, radicchio and dill recipe goes from crunchy cool to warm and comforting in every‚Ä¶ https://t.co/CZU2GAZEnV",0.289,0.711,0.0,0.7096,23
nytimes,Mon Aug 27 10:53:09 +0000 2018,"The pan-fried zucchini planks in this marinated zucchini with farro, chickpeas and parmesan recipe will add extra c‚Ä¶ https://t.co/ZH2c0FK4NE",0.0,1.0,0.0,0.0,24
nytimes,Mon Aug 27 10:36:17 +0000 2018,"Bill Cunningham, for many years the fashion and society photographer for The Times, left a memoir behind when he di‚Ä¶ https://t.co/Db2csht5rt",0.0,1.0,0.0,0.0,25
nytimes,Mon Aug 27 10:20:06 +0000 2018,Sketchbook: Back-to-School Blues https://t.co/WI6qiuDr2G,0.0,1.0,0.0,0.0,26
nytimes,Mon Aug 27 10:15:18 +0000 2018,The current home of the U.S. Open started out as a derelict relic of the 1964 World's Fair. Now it's a state-of-the‚Ä¶ https://t.co/hPQYmto7wx,0.103,0.897,0.0,0.3182,27
nytimes,Mon Aug 27 10:14:45 +0000 2018,The West Bank Model Is a Failure https://t.co/vaZopeMe2P,0.0,0.645,0.355,-0.5106,28
nytimes,Mon Aug 27 10:00:12 +0000 2018,"Almost everyone involved in Job Corps questions whether it's living up to its ideals, with an outdated program mode‚Ä¶ https://t.co/5X1HtTY8WK",0.087,0.913,0.0,0.2023,29
nytimes,Mon Aug 27 09:45:05 +0000 2018,"Police say a man shot last month in the Bronx is an associate of a well-known mafia family. ""The fact that they are‚Ä¶ https://t.co/k0LOXf7PwC",0.0,1.0,0.0,0.0,30
nytimes,Mon Aug 27 09:30:03 +0000 2018,"John McCain will be the 13th former senator to lie in state at the Capitol Rotunda, and will  have a full dress fun‚Ä¶ https://t.co/SXzzFbsIwZ",0.0,1.0,0.0,0.0,31
nytimes,Mon Aug 27 09:14:13 +0000 2018,Myanmar‚Äôs army commander and other top generals should face trial for genocide against Rohingya Muslims and for cri‚Ä¶ https://t.co/dhpLhJMwk4,0.091,0.909,0.0,0.2023,32
nytimes,Mon Aug 27 09:00:31 +0000 2018,"Myanmar Generals Should Face Genocide Charges, U.N. Panel Says https://t.co/rbqNgAPIeS",0.0,0.811,0.189,-0.2732,33
nytimes,Mon Aug 27 09:00:07 +0000 2018,"In his decision to keep Tesla public, Elon Musk cited 4 key factors that ultimately changed his mind. https://t.co/f96iF47m9h",0.0,1.0,0.0,0.0,34
nytimes,Mon Aug 27 08:55:30 +0000 2018,The Checkup: Let Kids Play https://t.co/cHckYawRrY,0.324,0.676,0.0,0.34,35
nytimes,Mon Aug 27 08:45:05 +0000 2018,Some demonstrators carried signs condemning racism; others had draped themselves in Confederate flags https://t.co/xflAI57g6o,0.0,0.76,0.24,-0.6249,36
nytimes,Mon Aug 27 08:30:03 +0000 2018,A live-stream caught the chilling moment when the shooting began. A red laser dot appeared on the chest of one of t‚Ä¶ https://t.co/f7MHpaEHV4,0.0,0.948,0.052,-0.0258,37
nytimes,Mon Aug 27 08:15:03 +0000 2018,"In @NYTOpinion 

Op-Ed contributor Elizabeth Guffey writes, ""This month, the 'wheelchair symbol,' formally known as‚Ä¶ https://t.co/i1eeLrWf3V",0.0,1.0,0.0,0.0,38
nytimes,Mon Aug 27 08:00:02 +0000 2018,A contentious exhibition has cast a spotlight on the battle over gay and transgender rights in Brazil https://t.co/lhX2X0V4y2,0.0,0.745,0.255,-0.5859,39
nytimes,Mon Aug 27 07:45:04 +0000 2018,"These balls of algae are considered a national treasure in Japan, and many things about them remain mysterious. But‚Ä¶ https://t.co/PtVMGMLDp6",0.109,0.891,0.0,0.296,40
nytimes,Mon Aug 27 07:30:07 +0000 2018,"Personal finance management is a concrete, learnable skill, just like driving a car or throwing a baseball https://t.co/iWhKx8nIkL",0.152,0.848,0.0,0.3612,41
nytimes,Mon Aug 27 07:15:03 +0000 2018,An archbishop's allegations and personal attacks amounted to an extraordinary public declaration of war against Pop‚Ä¶ https://t.co/bp6RxVc7si,0.0,0.688,0.312,-0.7783,42
nytimes,Mon Aug 27 07:00:06 +0000 2018,"Your European Morning Briefing is ready: Pope Francis is accused, Russia prepares to go nuclear offshore, Denmark c‚Ä¶ https://t.co/TaCCYsY312",0.115,0.783,0.101,0.0772,43
nytimes,Mon Aug 27 06:45:03 +0000 2018,"The German Lost Art Foundation, praised often for helping return art lost in the Holocaust, is facing criticism fro‚Ä¶ https://t.co/IqWLgfW6z8",0.194,0.538,0.269,-0.2732,44
nytimes,Mon Aug 27 06:31:41 +0000 2018,"RT @EllenBarryNYT: If you're not sure why Pope Francis is apologizing to Ireland, read this painful @DanBarryNYT piece on single mothers wh‚Ä¶",0.0,0.741,0.259,-0.6845,45
nytimes,Mon Aug 27 06:30:06 +0000 2018,"It is finally time for the night owls of the world to rise! (Just not too early, of course.) https://t.co/vo2CNixvCi",0.0,1.0,0.0,0.0,46
nytimes,Mon Aug 27 06:15:05 +0000 2018,"Writers, actors and others took to social media to remember Neil Simon's life and influence https://t.co/upXX3Vz4IF",0.0,1.0,0.0,0.0,47
nytimes,Mon Aug 27 06:00:09 +0000 2018,*plays Fergie* G-L-A-M-O-R-O-U-S https://t.co/Yeo7QaFqxm,0.0,1.0,0.0,0.0,48
nytimes,Mon Aug 27 05:45:06 +0000 2018,Russia is unveiling a floating nuclear power plant that is for now the only one of its kind https://t.co/L8AMNwvtAm,0.167,0.833,0.0,0.5267,49
nytimes,Mon Aug 27 05:30:10 +0000 2018,Australia‚Äôs new prime minister speaks often and openly about his Christian faith ‚Äî a rarity among Australian politi‚Ä¶ https://t.co/44dv8jtQYJ,0.149,0.851,0.0,0.4215,50
nytimes,Mon Aug 27 05:15:05 +0000 2018,A Japanese tourist in North Korea was detained after apparently filming footage of a military facility in the area https://t.co/eYYSl14wb5,0.0,0.863,0.137,-0.4019,51
nytimes,Mon Aug 27 05:00:05 +0000 2018,"A.E. Hotchner, the man who was everybody‚Äôs best friend ‚Äî Ernest Hemingway‚Äôs, anyway, and Paul Newman‚Äôs ‚Äî wrote his‚Ä¶ https://t.co/YVeTUUbOGc",0.316,0.684,0.0,0.8126,52
nytimes,Mon Aug 27 04:45:02 +0000 2018,"Brands are reintroducing products for new generations. ‚ÄúWhat‚Äôs old is new again."" https://t.co/YpQWhHpJik",0.0,1.0,0.0,0.0,53
nytimes,Mon Aug 27 04:30:09 +0000 2018,"""It‚Äôs like Jekyll and Hyde.‚Äù Duncan Hunter boasted a glittering political resume, but a corruption scandal could ho‚Ä¶ https://t.co/AirjOvslGG",0.085,0.728,0.187,-0.4767,54
nytimes,Mon Aug 27 04:15:04 +0000 2018,"‚ÄúThis is very unusual in Chicago,‚Äù a Fire Department spokesman said. ‚ÄúWe‚Äôre going the wrong way fast, and it‚Äôs very‚Ä¶ https://t.co/KR9pYG34cI",0.0,0.766,0.234,-0.6705,55
nytimes,Mon Aug 27 04:00:08 +0000 2018,"""Crazy Rich Asians"" had a decrease of only 6 percent in ticket sales compared to its opening weekend. That kind of‚Ä¶ https://t.co/YET4PzQUWM",0.265,0.644,0.091,0.6808,56
nytimes,Mon Aug 27 03:45:04 +0000 2018,"In a memo, Defense Secretary Jim Mattis urged President Trump to build a national strategy for A.I. that matches th‚Ä¶ https://t.co/hWyIum5Jc7",0.077,0.923,0.0,0.128,57
nytimes,Mon Aug 27 03:31:24 +0000 2018,"In Brazil, ‚ÄòQueer Museum‚Äô Is Censored, Debated, Then Celebrated https://t.co/yj3I4g1g6J",0.278,0.602,0.12,0.4767,58
nytimes,Mon Aug 27 03:17:40 +0000 2018,"Alice Dunnigan, the first black woman to cover the White House, will be honored with a bronze statue at the Newseum https://t.co/8T15ZmrGEf",0.16,0.84,0.0,0.5859,59
nytimes,Mon Aug 27 03:00:05 +0000 2018,"A nationwide prisoner strike is drawing attention to low inmate wages, decrepit facilities and harsh sentences. ‚ÄúPe‚Ä¶ https://t.co/FH55aC58sO",0.052,0.517,0.431,-0.8316,60
nytimes,Mon Aug 27 02:45:02 +0000 2018,"President Trump didn't make even the most cursory public show of respect for John McCain, against whom he had conti‚Ä¶ https://t.co/6VX8qrIxdI",0.134,0.866,0.0,0.4767,61
nytimes,Mon Aug 27 02:31:33 +0000 2018,The Nuclear Power Plant of the Future May Be Floating Near Russia https://t.co/8TA8ck1eGH,0.0,1.0,0.0,0.0,62
nytimes,Mon Aug 27 02:29:57 +0000 2018,"""Let the obvious sit too long and it becomes like an animal in a zoo: pointed at, but never exercised, and idly wan‚Ä¶ https://t.co/vRsvmhT0DV",0.074,0.926,0.0,0.1901,63
nytimes,Mon Aug 27 02:13:02 +0000 2018,"How does a movie or TV show prevent a steamy scene from becoming a #MeToo experience for the actors? Enter the ""int‚Ä¶ https://t.co/8GSStJKvhM",0.055,0.945,0.0,0.0258,64
nytimes,Mon Aug 27 01:57:04 +0000 2018,"""I prefer the early plays,"" our critic writes about Neil Simon's work. ""That‚Äôs in part because they literally don‚Äôt‚Ä¶ https://t.co/dmKywcnDlY",0.0,0.9,0.1,-0.2732,65
nytimes,Mon Aug 27 01:43:31 +0000 2018,North Korea to Expel a Japanese Tourist Accused of Crime https://t.co/ZfFyHRgNFq,0.0,0.449,0.551,-0.8225,66
nytimes,Mon Aug 27 01:27:25 +0000 2018,"As a Nation Mourns McCain, Trump Is Conspicuously Absent https://t.co/oej85plXWD",0.0,0.702,0.298,-0.5267,67
nytimes,Mon Aug 27 01:16:37 +0000 2018,Open floor plan offices can be a challenge. Here's how to make your work space a bit more bearable. https://t.co/sUG75mhvwC,0.071,0.929,0.0,0.0772,68
nytimes,Mon Aug 27 01:00:12 +0000 2018,The number of individuals who sleep less than the recommended hours is increasing in the developed world. This is c‚Ä¶ https://t.co/90thyHlr4I,0.13,0.87,0.0,0.2111,69
nytimes,Mon Aug 27 00:45:29 +0000 2018,Your toilet isn‚Äôt a garbage can https://t.co/LV6rS344g7,0.0,1.0,0.0,0.0,70
nytimes,Mon Aug 27 00:28:35 +0000 2018,Opera of Demons https://t.co/ZX311TjNY5,0.0,1.0,0.0,0.0,71
nytimes,Mon Aug 27 00:18:35 +0000 2018,"An Appraisal: Neil Simon Drew Big Laughs, Then Came a Cultural Shift https://t.co/KGxii8a7UJ",0.225,0.775,0.0,0.4939,72
nytimes,Mon Aug 27 00:18:33 +0000 2018,Artificial Intelligence Is Now a Pentagon Priority. Will Silicon Valley Help? https://t.co/TsNFSJyEr4,0.392,0.608,0.0,0.7003,73
nytimes,Mon Aug 27 00:00:07 +0000 2018,Here are books for kids who might find some comfort knowing that other students (and dinosaurs and stick insects) g‚Ä¶ https://t.co/F0fu17vkQM,0.111,0.889,0.0,0.3612,74
nytimes,Sun Aug 26 23:48:40 +0000 2018,"Capitalism, Socialism, and Unfreedom https://t.co/HoL30yUS1B",0.0,1.0,0.0,0.0,75
nytimes,Sun Aug 26 23:32:01 +0000 2018,Prison Strike Organizers Aim to Improve Conditions and Pay https://t.co/lO3dWWSQIX,0.192,0.397,0.411,-0.3182,76
nytimes,Sun Aug 26 23:16:11 +0000 2018,My WORKOUT: How One Silicon Valley C.E.O. Masters Work-Life Balance https://t.co/NH84Cqo2hI,0.0,1.0,0.0,0.0,77
nytimes,Sun Aug 26 23:04:05 +0000 2018,John McCain‚Äôs Parting Message: Our Greatness Is in Peril https://t.co/kkoTHUMnWe,0.0,0.769,0.231,-0.4019,78
nytimes,Sun Aug 26 23:03:22 +0000 2018,"With Republicans clinging to a 50-49 Senate majority, the Arizona governor's choice for John McCain's successor has‚Ä¶ https://t.co/UQ6rDO682q",0.106,0.894,0.0,0.2263,79
nytimes,Sun Aug 26 23:00:06 +0000 2018,"""It's literally the warehousing of human beings ‚Äî like they were packages to be shipped off."" A look at the ""stash‚Ä¶ https://t.co/i6r3yCmZpj",0.116,0.884,0.0,0.3612,80
nytimes,Sun Aug 26 22:48:39 +0000 2018,"Night owls of the world unite. In a 24-hour economy, what if going to bed in the wee hours is actually an advantage? https://t.co/rqct1lLJH1",0.083,0.917,0.0,0.25,81
nytimes,Sun Aug 26 22:34:05 +0000 2018,"In @nytopinion,
Op-Ed contributor Miriam Pawel writes, ""Not every believer in the Party of California has been a gr‚Ä¶ https://t.co/xJjmPbD3zT",0.13,0.87,0.0,0.4019,82
nytimes,Sun Aug 26 22:27:35 +0000 2018,RT @PatriciaMazzei: Our running @nytimes story on the mass shooting at the Jacksonville Landing: https://t.co/Efl9De2gDs,0.0,1.0,0.0,0.0,83
nytimes,Sun Aug 26 21:45:10 +0000 2018,"Catch up on the latest news about Elon Musk, John McCain's death, and other top stories, and get a look ahead, in y‚Ä¶ https://t.co/Dlec9YkqO2",0.067,0.787,0.146,-0.4767,84
nytimes,Sun Aug 26 21:21:40 +0000 2018,RT @EricLiptonNYT: FOLLOW ALONG HERE--IT YOU EAT FRUIT &amp; VEGETABLES. My colleague @dannyhakim and I took a deep journey this summer into th‚Ä¶,0.0,1.0,0.0,0.0,85
nytimes,Sun Aug 26 21:00:13 +0000 2018,"Glenn Close says she went into her latest role, a woman who spends her life as a self-described ""kingmaker"" to her‚Ä¶ https://t.co/x2NXBuUlXz",0.0,1.0,0.0,0.0,86
nytimes,Sun Aug 26 20:45:05 +0000 2018,"Police say a man shot last month in the Bronx is an associate of a well-known mafia family. ""The fact that they are‚Ä¶ https://t.co/O3BouYHitn",0.0,1.0,0.0,0.0,87
nytimes,Sun Aug 26 20:37:02 +0000 2018,"RT @nytimesbusiness: ""Dots don't matter"" in Gmail addresses, and plus signs have their pluses. Here's how to get more out of your Google ma‚Ä¶",0.0,0.955,0.045,-0.0191,88
nytimes,Sun Aug 26 20:20:14 +0000 2018,"A few of the things prosecutors say Rep. Duncan Hunter bought with campaign funds: $14,261.33 family vacation to It‚Ä¶ https://t.co/ohnn6WTYCb",0.0,1.0,0.0,0.0,89
nytimes,Sun Aug 26 20:03:06 +0000 2018,"Here are 13 great titles leaving Netflix in September, including classics like ""A Star is Born"" and modern gems you‚Ä¶ https://t.co/RnOFoD3sfN",0.258,0.742,0.0,0.765,90
nytimes,Sun Aug 26 19:50:03 +0000 2018,"In Opinion

Author Jonathan Rauch writes, ‚ÄúLike it or not, inequality in today‚Äôs America drives politics toward rag‚Ä¶ https://t.co/YBVezMkom2",0.0,1.0,0.0,0.0,91
nytimes,Sun Aug 26 19:36:09 +0000 2018,"Multiple people are dead after a gunman started firing during a video gaming tournament in Jacksonville, Florida, a‚Ä¶ https://t.co/m5ErhC8tHC",0.0,0.691,0.309,-0.7717,92
nytimes,Sun Aug 26 19:31:38 +0000 2018,Residents of the village with the smallest population in Switzerland wonder if nostalgic tourists and hikers attrac‚Ä¶ https://t.co/AWI8LgFFWk,0.0,1.0,0.0,0.0,93
nytimes,Sun Aug 26 19:16:14 +0000 2018,The current home of the U.S. Open started out as a derelict relic of the 1964 World's Fair. Now it's a state-of-the‚Ä¶ https://t.co/J5LAJZAnOd,0.103,0.897,0.0,0.3182,94
nytimes,Sun Aug 26 19:00:16 +0000 2018,RT @NYTSports: U.S. Open players ‚Äî and fans ‚Äî share their favorite memories from the tournament https://t.co/fsF9v6LDN6 https://t.co/bYSdG9‚Ä¶,0.271,0.729,0.0,0.6369,95
nytimes,Sun Aug 26 18:50:54 +0000 2018,Authorities report a mass shooting at a Florida bar that was hosting a live-streamed video gaming tournament. https://t.co/suuG1i7rUk,0.0,1.0,0.0,0.0,96
nytimes,Sun Aug 26 18:45:04 +0000 2018,"Almost everyone involved in Job Corps questions whether it's living up to its ideals, with an outdated program mode‚Ä¶ https://t.co/6nZ9k9akzB",0.087,0.913,0.0,0.2023,97
nytimes,Sun Aug 26 18:30:04 +0000 2018,Arizona might be the only state that makes first-time possession of a small amount of marijuana a felony. In order‚Ä¶ https://t.co/pXZYH93hlR,0.0,0.837,0.163,-0.5423,98
nytimes,Sun Aug 26 18:15:06 +0000 2018,"RT @NYTSports: Serena Williams said she had a chat with the man who wants to control her wardrobe at the French Open. 
 https://t.co/0MOIN6‚Ä¶",0.0,1.0,0.0,0.0,99
nytimes,Sun Aug 26 18:00:04 +0000 2018,"Neil Simon helped define American humor in plays, movies, and TV. His works also played significantly in the career‚Ä¶ https://t.co/qdlu4o1620",0.277,0.723,0.0,0.6705,100
